ts,ip,page_view_order_number,event_order_number,event,secs,url,referer,randPAS_user_passport_id,randPAS_user_agent_id,randPAS_trex_cid,randPAS_uma_media_cid,randPAS_session_id,is_new_page,title,node_id,main_rubric_id,content_is_longread,content_editor_id,content_author_ids,is_registration,is_fast_login,ua_device_family,ua_device_brand,ua_device_model,ua_os_family,ua_os_version,ua_browser_family,ua_browser_version,ua_is_mobile,ua_is_tablet,ua_is_pc,ua_is_bot,ua_device_type,geo_city_id,date,hour,is_multi_device_session,is_null_device_session
2024-10-04 02:48:16,109.252.211.58,5,18,page_view,0,https://57580f5dcfabe04b.ru/439d084e03e109,https://57580f5dcfabe04b.ru/9411e21481f23907,,mBq$Yj}-t#.w[4=6u@`H2c$4@nK8(8_buJ:}-7,x'UI8~:j@Naz$<_S25O~61s3Fo-NP5]tCJ#HPdSL,,@=aJ+HA2BA!Af4<*$2Ig<AV5o[jG;z/`T/B\kJDBp%,1,Результаты спорта,0,0,0,0,[],,,Lenovo A7600-H,Lenovo,A7600-H,Android,4.4.2,Chrome Mobile WebView,30.0.0,1.0,1.0,False,,tablet,524901.0,2024-10-04,2,True,True
2024-10-04 02:49:04,109.252.211.58,6,22,page_view,0,https://57580f5dcfabe04b.ru/ff3466b014f44613,https://57580f5dcfabe04b.ru/439d084e03e109,,mBq$Yj}-t#.w[4=6u@`H2c$4@nK8(8_buJ:}-7,x'UI8~:j@Naz$<_S25O~61s3Fo-NP5]tCJ#HPdSL,,@=aJ+HA2BA!Af4<*$2Ig<AV5o[jG;z/`T/B\kJDBp%,1,Результаты спорта,0,0,0,0,[],,,Lenovo A7600-H,Lenovo,A7600-H,Android,4.4.2,Chrome Mobile WebView,30.0.0,1.0,1.0,False,,tablet,524901.0,2024-10-04,2,True,True
2024-10-04 02:49:18,217.150.74.188,2,7,page_view,0,https://57580f5dcfabe04b.ru/7f8075cdc42cf8b8,https://57580f5dcfabe04b.ru/c3fac964264639cc,,"-g2,SLX*N3W:YwpU2sBFnA2^ap!(k K12B<-tn",<`O4Xd@9t$]}tnJ4;a[M%`%):\YWt.2CV+$k\J&q,,"\@UE62\=Nu6^sGC01,\L>q}jd,[',7}1jMPVq5lr)x",1,Российского чемпиона пустили на крутой турнир. Танк отомстит за все издевательства!,2116251,0,0,0,[],,,iPad,Apple,iPad,iOS,10.3.4,Chrome Mobile iOS,71.0.3578,1.0,1.0,False,,tablet,2013348.0,2024-10-04,2,True,True
2024-10-04 02:51:00,47.232.138.3,13,50,page_view,0,https://57580f5dcfabe04b.ru/4e5f3d1910434c05,https://57580f5dcfabe04b.ru/4e5f3d1910434c05,,"`X}.(/*W[{@[%'|Ce_%$vz,LY~\Z[zmek21GM?","A%""\'@d3ZLqG}x2vHa3iJ2#_rFjAmWJ>>""/}`=;y",,"}tVO7*<>O}h$lP""\=""<{bN,G({w~BhxA zJ!]$b\P7",1,"Результаты спорта на сегодня - футбол, хоккей, теннис, баскетбол, фигурное катание, биатлон, лыжные гонки, Формула-1",0,0,0,0,[],,,iPad,Apple,iPad,iOS,9.3.5,Chrome Mobile iOS,63.0.3239,1.0,1.0,False,,tablet,5352423.0,2024-10-04,2,True,True
2024-10-04 02:51:28,176.59.147.214,1,1,page_view,0,https://57580f5dcfabe04b.ru/c3fac964264639cc,https://57580f5dcfabe04b.ru/c3fac964264639cc,,"kHu[,|5bf~L=yWDkM~JKq\%k~|yWwZKg,_d945",EMjle:Pw)&tySMmAjkFp%SIIH6Wh&{'g?1a^[K6I,"~jFSllnf+z9b,XgMt!^y)1*fHS\!n?-jPj/mEU$","vkyJL;PgHb""f$I2DD15]RvI;|t#i(6#P>G48x6fSs2",1,"Новости спорта, Спортивная аналитика, Видео",0,0,0,0,[],,,AGS5-L09,Huawei,AGS5-L09,Android,12,Chrome Mobile WebView,92.0.4515,1.0,1.0,False,,tablet,,2024-10-04,2,True,True
2024-10-04 02:52:31,85.26.233.151,1,1,page_view,0,https://b4fd7a71f468fc04.ru/73edce6eea62e0d0,https://517a606556ff4f5d.ru/c3fac964264639cc,,"V^>L""[4J{cY4wwBT]]txne`v9!SFacs?(^^=E*","""\=vG)}5Nmo)C_4^//<?JmTi+@]E'pckZc;Y[Nw3",w`!lc;nWmfw{B78sL~-KX\xKk)2pm0;cZb#R$wJ,"R=P,r4\W/(<v;""zPKB;Mw>fUyebkc,Ts.^}mCVqG})",1,"Турнирная таблица КХЛ 2024-2025, сетка плей-офф Кубка Гагарина - результаты всех матчей, кто с кем играет",0,0,0,0,[],,,Micromax P410,Micromax,P410,Android,8.1.0,Chrome Mobile WebView,87.0.4280,1.0,1.0,False,,tablet,499099.0,2024-10-04,2,True,True
2024-10-04 02:53:25,83.220.236.143,1,1,page_view,0,https://57580f5dcfabe04b.ru/b515406155099d47,https://57580f5dcfabe04b.ru/c3fac964264639cc,,eSq^v-Z4\4)i<5#+CW1)$1#AFNsgv(bkWu!=:{,"?KlT5f3Qes*t4j=o],:hh(j1`=:-.G-mJ~bFp0aY",,"cL?ZEv""xWIL];kS`r8#xBM7;H|(k]b{37:[a'4T;{/",1,"Турнирная таблица КХЛ 2024-2025 - результаты последних игр Континентальной хоккейной лиги, статистика, регулярный сезон",0,0,0,0,[],,,Samsung SM-T285,Samsung,SM-T285,Android,7.1.2,Chrome Mobile WebView,91.0.4472,1.0,1.0,False,,tablet,524901.0,2024-10-04,2,True,True
2024-10-04 02:54:01,217.150.74.188,3,14,page_view,0,https://57580f5dcfabe04b.ru/4e5f3d1910434c05,https://57580f5dcfabe04b.ru/c3fac964264639cc,,"-g2,SLX*N3W:YwpU2sBFnA2^ap!(k K12B<-tn","f<b(X$NKb%o?ru4uF|fxcCFqqjGGjQH7&#Xf,ZfX",,"\@UE62\=Nu6^sGC01,\L>q}jd,[',7}1jMPVq5lr)x",1,"Результаты спорта на сегодня - футбол, хоккей, теннис, баскетбол, фигурное катание, биатлон, лыжные гонки, Формула-1",0,0,0,0,[],,,iPad,Apple,iPad,iOS,10.3.4,Chrome Mobile iOS,71.0.3578,1.0,1.0,False,,tablet,2013348.0,2024-10-04,2,True,True
2024-10-04 02:54:04,83.220.236.143,2,5,page_view,0,https://57580f5dcfabe04b.ru/23b7f57a36f38996,https://57580f5dcfabe04b.ru/b515406155099d47,,eSq^v-Z4\4)i<5#+CW1)$1#AFNsgv(bkWu!=:{,"uKT@S69rcPOFqThcq7V,{)w/bP&vWEM:~r:WZzI=",,"cL?ZEv""xWIL];kS`r8#xBM7;H|(k]b{37:[a'4T;{/",1,ЦСКА - Металлург (0:7) 3 октября. Фонбет Чемпионат КХЛ. 2024-25. Протокол матча,0,0,0,0,[],,,Samsung SM-T285,Samsung,SM-T285,Android,7.1.2,Chrome Mobile WebView,91.0.4472,1.0,1.0,False,,tablet,524901.0,2024-10-04,2,True,True
2024-10-04 02:54:08,85.26.233.151,1,1,page_view,0,https://b4fd7a71f468fc04.ru/54f713f4d20c9b7e,https://517a606556ff4f5d.ru/c3fac964264639cc,,"V^>L""[4J{cY4wwBT]]txne`v9!SFacs?(^^=E*","""\=vG)}5Nmo)C_4^//<?JmTi+@]E'pckZc;Y[Nw3",w`!lc;nWmfw{B78sL~-KX\xKk)2pm0;cZb#R$wJ,"/lA$yAkL2PN4""`>2|vNEWQ'2M4pt9=w]/&b%7O&?d5",1,"Матч ТВ: программа передач на сегодня, завтра",0,0,0,0,[],,,Micromax P410,Micromax,P410,Android,8.1.0,Chrome Mobile WebView,87.0.4280,1.0,1.0,False,,tablet,499099.0,2024-10-04,2,True,True
2024-10-04 02:54:39,83.220.236.143,3,9,page_view,0,https://57580f5dcfabe04b.ru/5563015ffbdc8893,https://57580f5dcfabe04b.ru/23b7f57a36f38996,,eSq^v-Z4\4)i<5#+CW1)$1#AFNsgv(bkWu!=:{,"}O=%>w'&~7;Y<nXW;-q0""z)`jhxKh<&j2ru!l\:)",,"cL?ZEv""xWIL];kS`r8#xBM7;H|(k]b{37:[a'4T;{/",1,Каменев Владислав - Нападающий - ЦСКА - Vladislav Kamenev,0,0,0,0,[],,,Samsung SM-T285,Samsung,SM-T285,Android,7.1.2,Chrome Mobile WebView,91.0.4472,1.0,1.0,False,,tablet,524901.0,2024-10-04,2,True,True
2024-10-04 02:54:41,217.150.74.188,4,18,page_view,0,https://57580f5dcfabe04b.ru/9411e21481f23907,https://57580f5dcfabe04b.ru/4e5f3d1910434c05,,"-g2,SLX*N3W:YwpU2sBFnA2^ap!(k K12B<-tn","_5k""HN*9O(aZv=)`S%mu+n+D""\*'5jblDgRZDl=Z",,"\@UE62\=Nu6^sGC01,\L>q}jd,[',7}1jMPVq5lr)x",1,Результаты спорта,0,0,0,0,[],,,iPad,Apple,iPad,iOS,10.3.4,Chrome Mobile iOS,71.0.3578,1.0,1.0,False,,tablet,2013348.0,2024-10-04,2,True,True
2024-10-04 02:54:49,217.150.74.188,5,20,page_view,0,https://57580f5dcfabe04b.ru/439d084e03e109,https://57580f5dcfabe04b.ru/9411e21481f23907,,"-g2,SLX*N3W:YwpU2sBFnA2^ap!(k K12B<-tn",k*!\z{P71k7.p\gwpw3U@rCotfhc]N0&cTL\FLNO,,"\@UE62\=Nu6^sGC01,\L>q}jd,[',7}1jMPVq5lr)x",1,Результаты спорта,0,0,0,0,[],,,iPad,Apple,iPad,iOS,10.3.4,Chrome Mobile iOS,71.0.3578,1.0,1.0,False,,tablet,2013348.0,2024-10-04,2,True,True
2024-10-04 02:55:00,83.220.236.143,4,11,page_view,0,https://57580f5dcfabe04b.ru/23b7f57a36f38996,https://57580f5dcfabe04b.ru/b515406155099d47,,eSq^v-Z4\4)i<5#+CW1)$1#AFNsgv(bkWu!=:{,",ghnC ""8D$<?ma:U\g;~Hic-e6%gi""IhsiOoG8Qu",,"cL?ZEv""xWIL];kS`r8#xBM7;H|(k]b{37:[a'4T;{/",1,ЦСКА - Металлург (0:7) 3 октября. Фонбет Чемпионат КХЛ. 2024-25. Протокол матча,0,0,0,0,[],,,Samsung SM-T285,Samsung,SM-T285,Android,7.1.2,Chrome Mobile WebView,91.0.4472,1.0,1.0,False,,tablet,524901.0,2024-10-04,2,True,True
2024-10-04 02:55:19,217.150.74.188,6,24,page_view,0,https://57580f5dcfabe04b.ru/9411e21481f23907,https://57580f5dcfabe04b.ru/4e5f3d1910434c05,,"-g2,SLX*N3W:YwpU2sBFnA2^ap!(k K12B<-tn","~5|0wx@w`jrQ(mV+V}>1@p2fUm?>w[ ,ZS_|{{}r",,"\@UE62\=Nu6^sGC01,\L>q}jd,[',7}1jMPVq5lr)x",1,Результаты спорта,0,0,0,0,[],,,iPad,Apple,iPad,iOS,10.3.4,Chrome Mobile iOS,71.0.3578,1.0,1.0,False,,tablet,2013348.0,2024-10-04,2,True,True
2024-10-04 02:55:21,217.150.74.188,7,25,page_view,0,https://57580f5dcfabe04b.ru/4e5f3d1910434c05,https://57580f5dcfabe04b.ru/c3fac964264639cc,,"-g2,SLX*N3W:YwpU2sBFnA2^ap!(k K12B<-tn",pw#Nl6^QJ#5JB.7JnKMS['m}9Y1$F+4BrAKJ=DxY,,"\@UE62\=Nu6^sGC01,\L>q}jd,[',7}1jMPVq5lr)x",1,"Результаты спорта на сегодня - футбол, хоккей, теннис, баскетбол, фигурное катание, биатлон, лыжные гонки, Формула-1",0,0,0,0,[],,,iPad,Apple,iPad,iOS,10.3.4,Chrome Mobile iOS,71.0.3578,1.0,1.0,False,,tablet,2013348.0,2024-10-04,2,True,True
2024-10-04 02:56:11,195.2.205.57,1,1,page_view,0,https://b4fd7a71f468fc04.ru/025de1d395eddcd8,https://b4fd7a71f468fc04.ru/c3fac964264639cc,,",Y,$$0Ts.}G;akI*NYrT .>4*x1v5q-Os;<x|J","FbpG7@[Sdqv/blLfh8oD'}44mnkKj,2g=[R;q$/U",K'C(=2I(#_M57NKo+O++?$k-}eS`i\onM-=kM o,FrZ@Z4b6N47aQxeGbD_`p+=//KELlbdNuVjU+P?`05,1,"Телепрограмма спортивных ТВ каналов России | Смотреть на сегодня, завтра и на неделю",0,0,0,0,[],,,MiTV-MOSR1,Generic_Android_Tablet,MiTV-MOSR1,Android,11,Chrome Mobile WebView,128.0.6613,1.0,1.0,False,,tablet,,2024-10-04,2,True,True
2024-10-04 02:56:19,83.220.236.143,5,16,page_view,0,https://57580f5dcfabe04b.ru/b515406155099d47,https://57580f5dcfabe04b.ru/c3fac964264639cc,,eSq^v-Z4\4)i<5#+CW1)$1#AFNsgv(bkWu!=:{,"-vz?)|a|x).$JZ4@7YIUi/Gj+byH,+%18N]1}vod",,"cL?ZEv""xWIL];kS`r8#xBM7;H|(k]b{37:[a'4T;{/",1,"Турнирная таблица КХЛ 2024-2025 - результаты последних игр Континентальной хоккейной лиги, статистика, регулярный сезон",0,0,0,0,[],,,Samsung SM-T285,Samsung,SM-T285,Android,7.1.2,Chrome Mobile WebView,91.0.4472,1.0,1.0,False,,tablet,524901.0,2024-10-04,2,True,True
2024-10-04 02:56:21,82.208.125.237,1,1,page_view,0,https://57580f5dcfabe04b.ru/4e5f3d1910434c05,https://517a606556ff4f5d.ru/ff0dd24621482906,,"aRoGdr**[X\-emF-_""JhYyv?=I#4){7#g-L%O#",YaqqC-pT_Qp>Y*EA`Dx;`3;8pObiHQjusi3hn+;t,"ByXR|Ztu>U""LCPx*W5M:R\,x2h7@{[v1AM./yV_","x}7kv_1""7BWmGr.'8'MijHuFhWbsU Vw-58Iz8PmE:",1,"Результаты спорта на сегодня - футбол, хоккей, теннис, баскетбол, фигурное катание, биатлон, лыжные гонки, Формула-1",0,0,0,0,[],,,PMT1107_4G_D_RU,Generic_Android_Tablet,PMT1107_4G_D_RU,Android,10,Chrome Mobile WebView,128.0.6613,1.0,1.0,False,,tablet,520555.0,2024-10-04,2,True,True
2024-10-04 02:56:54,82.208.125.237,2,5,page_view,0,https://57580f5dcfabe04b.ru/485faaf56afe791c,https://57580f5dcfabe04b.ru/4e5f3d1910434c05,,"aRoGdr**[X\-emF-_""JhYyv?=I#4){7#g-L%O#",YaqqC-pT_Qp>Y*EA`Dx;`3;8pObiHQjusi3hn+;t,"ByXR|Ztu>U""LCPx*W5M:R\,x2h7@{[v1AM./yV_","x}7kv_1""7BWmGr.'8'MijHuFhWbsU Vw-58Iz8PmE:",1,"Турнирная таблица, Лига Европы 2024-2025 по футболу - состав групп, турнирная сетка ЛЕ, результаты матчей, статистика",0,0,0,0,[],,,PMT1107_4G_D_RU,Generic_Android_Tablet,PMT1107_4G_D_RU,Android,10,Chrome Mobile WebView,128.0.6613,1.0,1.0,False,,tablet,520555.0,2024-10-04,2,True,True
2024-10-04 02:57:15,46.241.70.252,1,1,page_view,0,https://57580f5dcfabe04b.ru/c3fac964264639cc,https://57580f5dcfabe04b.ru/c3fac964264639cc,,"QE}R?*8y?Obj~wtB9k9G41*XG,=nlAPCF#Ta2M","R8bSg|kQsPF1gG~<w:mcY~.%@zr66N#6>,-K2m|r",,(h>WE@wN1Q~-1.s8+vm W%M\T8i6Xx%7^SWIJv[M(w,1,"Новости спорта, Спортивная аналитика, Видео",0,0,0,0,[],,,Lenovo TAB 2 A10-70L,Lenovo,TAB 2 A10-70L,Android,6.0,Chrome Mobile WebView,106.0.5249,1.0,1.0,False,,tablet,1496747.0,2024-10-04,2,True,True
2024-10-04 02:58:07,46.0.151.24,1,1,page_view,0,https://57580f5dcfabe04b.ru/61ad9fca76cf121e,https://77baded0644d42fa.ru/c3fac964264639cc,,r}|m=e$+W&wbAJ #??3bLLPQ~+{+2r;$<Vj4@h,H:Fs;p[J4k_5B&v|X>h@>ceoIvv!|8ttQdgH;]Y/,,V}}4SB0WvF`Nrs5v6GKN<LO=B='p-Sf;~yev)ex&@=,1,"Защитник «Зенита» Горшков выразил надежду, что Осинькин продолжит работу в «Крыльях Советов»",2116188,0,0,0,[],,,iPad,Apple,iPad,iOS,17.6,Chrome Mobile iOS,129.0.6668,1.0,1.0,False,,tablet,499099.0,2024-10-04,2,True,True
2024-10-04 02:58:27,82.208.125.237,3,10,page_view,0,https://57580f5dcfabe04b.ru/4e5f3d1910434c05,https://517a606556ff4f5d.ru/ff0dd24621482906,,"aRoGdr**[X\-emF-_""JhYyv?=I#4){7#g-L%O#",YaqqC-pT_Qp>Y*EA`Dx;`3;8pObiHQjusi3hn+;t,"ByXR|Ztu>U""LCPx*W5M:R\,x2h7@{[v1AM./yV_","x}7kv_1""7BWmGr.'8'MijHuFhWbsU Vw-58Iz8PmE:",1,"Результаты спорта на сегодня - футбол, хоккей, теннис, баскетбол, фигурное катание, биатлон, лыжные гонки, Формула-1",0,0,0,0,[],,,PMT1107_4G_D_RU,Generic_Android_Tablet,PMT1107_4G_D_RU,Android,10,Chrome Mobile WebView,128.0.6613,1.0,1.0,False,,tablet,520555.0,2024-10-04,2,True,True
2024-10-04 02:58:34,82.208.125.237,4,11,page_view,0,https://57580f5dcfabe04b.ru/7264e856e21ef272,https://57580f5dcfabe04b.ru/4e5f3d1910434c05,,"aRoGdr**[X\-emF-_""JhYyv?=I#4){7#g-L%O#",YaqqC-pT_Qp>Y*EA`Dx;`3;8pObiHQjusi3hn+;t,"ByXR|Ztu>U""LCPx*W5M:R\,x2h7@{[v1AM./yV_","x}7kv_1""7BWmGr.'8'MijHuFhWbsU Vw-58Iz8PmE:",1,"Турнирная таблица, Лига конференций 2024-2025 по футболу - турнирная сетка ЛК, результаты матчей, статистика",0,0,0,0,[],,,PMT1107_4G_D_RU,Generic_Android_Tablet,PMT1107_4G_D_RU,Android,10,Chrome Mobile WebView,128.0.6613,1.0,1.0,False,,tablet,520555.0,2024-10-04,2,True,True
2024-10-04 02:58:46,46.0.151.24,2,5,page_view,0,https://57580f5dcfabe04b.ru/953ea8c7df17ee9d,https://77baded0644d42fa.ru/c3fac964264639cc,,r}|m=e$+W&wbAJ #??3bLLPQ~+{+2r;$<Vj4@h,">r""y[cCPPX%<~C]l0:-K=x7v? ea2}n@:a`Bim=y",,V}}4SB0WvF`Nrs5v6GKN<LO=B='p-Sf;~yev)ex&@=,1,"Мирзов о шансах на победу в матче с «Краснодаром»: «Я же не могу сказать, что мы поедем проигрывать»",2116217,0,0,0,[],,,iPad,Apple,iPad,iOS,17.6,Chrome Mobile iOS,129.0.6668,1.0,1.0,False,,tablet,499099.0,2024-10-04,2,True,True
2024-10-04 02:58:50,176.59.147.214,1,1,page_view,0,https://57580f5dcfabe04b.ru/c3fac964264639cc,https://57580f5dcfabe04b.ru/c3fac964264639cc,,"kHu[,|5bf~L=yWDkM~JKq\%k~|yWwZKg,_d945",EMjle:Pw)&tySMmAjkFp%SIIH6Wh&{'g?1a^[K6I,"~jFSllnf+z9b,XgMt!^y)1*fHS\!n?-jPj/mEU$","*$_KL.32.<v](AO=RBaWc(<|tXVJ'd$""bR0)D^%{'V",1,"Новости спорта, Спортивная аналитика, Видео",0,0,0,0,[],,,AGS5-L09,Huawei,AGS5-L09,Android,12,Chrome Mobile WebView,92.0.4515,1.0,1.0,False,,tablet,,2024-10-04,2,True,True
2024-10-04 02:59:24,82.208.125.237,5,15,page_view,0,https://57580f5dcfabe04b.ru/4e5f3d1910434c05,https://517a606556ff4f5d.ru/ff0dd24621482906,,"aRoGdr**[X\-emF-_""JhYyv?=I#4){7#g-L%O#",YaqqC-pT_Qp>Y*EA`Dx;`3;8pObiHQjusi3hn+;t,"ByXR|Ztu>U""LCPx*W5M:R\,x2h7@{[v1AM./yV_","x}7kv_1""7BWmGr.'8'MijHuFhWbsU Vw-58Iz8PmE:",1,"Результаты спорта на сегодня - футбол, хоккей, теннис, баскетбол, фигурное катание, биатлон, лыжные гонки, Формула-1",0,0,0,0,[],,,PMT1107_4G_D_RU,Generic_Android_Tablet,PMT1107_4G_D_RU,Android,10,Chrome Mobile WebView,128.0.6613,1.0,1.0,False,,tablet,520555.0,2024-10-04,2,True,True
2024-10-04 02:59:34,94.41.248.18,1,1,page_view,0,https://57580f5dcfabe04b.ru/c3fac964264639cc,https://57580f5dcfabe04b.ru/a989109a3d33d442,,;W[OV's:5?9d<+<_YjWxE4r'lCn-z?2! `@d}E," kK3{+&l0yRB:.S;3#<! o#A\xwr$J|+/""?Kc]-g",,"*]0$rX`n=8ON-wx2K&o\,Cjhtm_^?idxVCt8%""lyZE",1,"Новости спорта, Спортивная аналитика, Видео",0,0,0,0,[],,,iPad,Apple,iPad,iOS,9.3.6,Chrome Mobile iOS,63.0.3239,1.0,1.0,False,,tablet,479561.0,2024-10-04,2,True,True
2024-10-04 03:00:43,95.83.43.47,1,1,page_view,0,https://57580f5dcfabe04b.ru/546c38f7a1327daa,https://57580f5dcfabe04b.ru/c3fac964264639cc,,4$T`={74?B qkF-#7;o!^:^J]f=[~sFr$yREft,t?ff&l4e3Z<?W7e7`?S4jAvkkTz%Z^.69$]pat5$,,"b!O!To_oZ/*)Mgc,oHg1eL-,T;?BS640""-(b(4%;;~",1,"Турнирная таблица, Лига чемпионов 2024-2025 по футболу - состав групп, турнирная сетка ЛЧ, результаты матчей, статистика",0,0,0,0,[],,,Samsung SM-F9260,Samsung,SM-F9260,Android,10,Chrome Mobile WebView,92.0.4515,1.0,1.0,False,,tablet,498698.0,2024-10-04,3,True,True
2024-10-04 03:01:13,82.208.125.237,6,21,page_view,0,https://57580f5dcfabe04b.ru/8b4c2fb1497b393b,https://57580f5dcfabe04b.ru/c3fac964264639cc,,"aRoGdr**[X\-emF-_""JhYyv?=I#4){7#g-L%O#",YaqqC-pT_Qp>Y*EA`Dx;`3;8pObiHQjusi3hn+;t,"ByXR|Ztu>U""LCPx*W5M:R\,x2h7@{[v1AM./yV_","x}7kv_1""7BWmGr.'8'MijHuFhWbsU Vw-58Iz8PmE:",1,«Доннарумма опять обделался». Фанаты «ПСЖ» требуют вернуть Сафонова в основной состав,2115594,0,0,0,[],,,PMT1107_4G_D_RU,Generic_Android_Tablet,PMT1107_4G_D_RU,Android,10,Chrome Mobile WebView,128.0.6613,1.0,1.0,False,,tablet,520555.0,2024-10-04,3,True,True
2024-10-04 03:03:53,128.73.59.160,1,1,page_view,0,https://57580f5dcfabe04b.ru/c3fac964264639cc,https://57580f5dcfabe04b.ru/c3fac964264639cc,,ar9]N/4:hH0(*\ZYB%Wy|g;d<.EG*:_>1~+1ij,Rt=CHgz?2Jf3%';eMRgHz*%VxQ\):t+T.u'rb4' ,^w(xD2'[tQ.)Cw@Wgm5YMD!t{R*I5.`7E`&:i3H,8'uB0G|\I1aFfANdm)NT#p^[uLx_5dZ2.*($lutv7K,1,"Новости спорта, Спортивная аналитика, Видео",0,0,0,0,[],,,iPad,Apple,iPad,iOS,12.5,Chrome Mobile iOS,92.0.4515,1.0,1.0,False,,tablet,,2024-10-04,3,True,True
2024-10-04 03:03:53,128.73.59.160,1,1,page_view,0,https://57580f5dcfabe04b.ru/c3fac964264639cc,https://57580f5dcfabe04b.ru/c3fac964264639cc,,ar9]N/4:hH0(*\ZYB%Wy|g;d<.EG*:_>1~+1ij,Rt=CHgz?2Jf3%';eMRgHz*%VxQ\):t+T.u'rb4' ,^w(xD2'[tQ.)Cw@Wgm5YMD!t{R*I5.`7E`&:i3H,8'uB0G|\I1aFfANdm)NT#p^[uLx_5dZ2.*($lutv7K,1,"Новости спорта, Спортивная аналитика, Видео",0,0,0,0,[],,,iPad,Apple,iPad,iOS,12.5,Chrome Mobile iOS,92.0.4515,1.0,1.0,False,,tablet,,2024-10-04,3,True,True
2024-10-04 03:05:09,212.32.207.50,1,1,page_view,0,https://57580f5dcfabe04b.ru/c3fac964264639cc,https://57580f5dcfabe04b.ru/c3fac964264639cc,,SK1JM^qCBfQSj;<eR8T>eJ$B${x-'YMr/ z@Sc,"dEZoaA=,t['aAc~.<.l'gk+noqy(_rqSLT.V /.X",i2Tt.a)R8X5f\NXdj+#r0KX-uQ[eQ':KzOsv0u8,"Q2g2eq[DqX 1]5IK;!wRq'\z1KU]HX^`R,R9W3M ^[",1,"Новости спорта, Спортивная аналитика, Видео",0,0,0,0,[],,,AGS2-L09,Huawei,AGS2-L09,Android,8.0.0,Chrome Mobile WebView,70.0.3538,1.0,1.0,False,,tablet,482283.0,2024-10-04,3,True,True
2024-10-04 03:05:40,193.169.96.39,1,1,page_view,0,https://57580f5dcfabe04b.ru/bceca08b713eaead,https://57580f5dcfabe04b.ru/c3fac964264639cc,,"J{7A@g+*a!}C`$raYzL!hi0y2G1K#NK<3~~""Ot",8i?Km&*'W.Zp/>BW6vkkV+WE5{g$:21~cw+2M[fs,"W20=q,8zISK<%M{(8N{k3PE@y*.KdlToP8]""7N2",^8:8;\RTq]38#fi/L| +ZukZ][5}S2(s01{$Avq%;1,1,"Футбол России и мира - новости на сегодня, бесплатные онлайн-трансляции, расписание, результаты последних матчей",0,0,0,0,[],,,9010X,Generic_Android_Tablet,9010X,Android,5.1,Chrome Mobile WebView,95.0.4638,1.0,1.0,False,,tablet,,2024-10-04,3,True,True
2024-10-04 03:07:00,212.32.207.50,1,1,page_view,0,https://b4fd7a71f468fc04.ru/dedeae144fca7bd7,https://57580f5dcfabe04b.ru/61ad9fca76cf121e,,:xEf>i+TI@HPOSot2b5J?F1gPI&j{'tvP%4r4W,"dEZoaA=,t['aAc~.<.l'gk+noqy(_rqSLT.V /.X",i2Tt.a)R8X5f\NXdj+#r0KX-uQ[eQ':KzOsv0u8,SG{f{0\>`Vo+fnDj*|f5NTv/*U~`{HClX[6x.I/j04,1,"«Крылья», не делайте ошибку» — Радимов о возможном уходе Осинькина из клуба",2116175,118,0,1204579,[],,,AGS2-L09,Huawei,AGS2-L09,Android,8.0.0,Chrome Mobile WebView,70.0.3538,1.0,1.0,False,,tablet,482283.0,2024-10-04,3,True,True
2024-10-04 03:07:05,91.66.135.199,1,1,page_view,0,https://57580f5dcfabe04b.ru/c3fac964264639cc,https://77baded0644d42fa.ru/c3fac964264639cc,,"eFNrBiZ4~""y'Fzv4cS=w>k=wcZAkZ10@%$%n]n","V9x iP~#.?_jyB%,^1r`Xtdg4ZO<d7vsShf]8""$H",,J6JV~G![6STs&*8PD8c#y^Mi2*0M=&})=901.f!}Xj,1,"Новости спорта, Спортивная аналитика, Видео",0,0,0,0,[],,,iPad,Apple,iPad,iOS,17.6,Chrome Mobile iOS,129.0.6668,1.0,1.0,False,,tablet,2832013.0,2024-10-04,3,True,True
2024-10-04 03:07:40,212.32.207.50,1,1,page_view,0,https://b4fd7a71f468fc04.ru/23c08ea54aa31e23,https://b4fd7a71f468fc04.ru/dedeae144fca7bd7,,:xEf>i+TI@HPOSot2b5J?F1gPI&j{'tvP%4r4W,"dEZoaA=,t['aAc~.<.l'gk+noqy(_rqSLT.V /.X",i2Tt.a)R8X5f\NXdj+#r0KX-uQ[eQ':KzOsv0u8,"*3qNSu\?JD;1|N8,0x""SJ$-Fv=CUhAs2%akz1V4qJJ",1,«Матч с махачкалинским «Динамо» не в пользу Осинькина» — Генич,2116028,118,0,1199932,[],,,AGS2-L09,Huawei,AGS2-L09,Android,8.0.0,Chrome Mobile WebView,70.0.3538,1.0,1.0,False,,tablet,482283.0,2024-10-04,3,True,True
2024-10-04 03:08:47,78.25.143.103,1,1,page_view,0,https://57580f5dcfabe04b.ru/c3fac964264639cc,https://57580f5dcfabe04b.ru/c3fac964264639cc,,"5jXx=,O)c8Q9gXns(az1""+>;qVbPg`[7(YvhK""","W Rk`q.#""c@2;-yX\E%G$u?ve/Qz3@I,m2!rsa*6",,"hJ]n_,]""!?*d2Ms5y9j[v;qb\'2]>7?m*hjo<tY(@r",1,"Новости спорта, Спортивная аналитика, Видео",0,0,0,0,[],,,iPad,Apple,iPad,iOS,17.4,Chrome Mobile iOS,123.0.6312,1.0,1.0,False,,tablet,,2024-10-04,3,True,True
2024-10-04 03:10:27,95.25.216.124,1,1,page_view,0,https://57580f5dcfabe04b.ru/c3fac964264639cc,https://57580f5dcfabe04b.ru/c3fac964264639cc,,E5gi[!0P%5<X%yqlM$vXLxc k9d'}s#Kt{?({n,"wUEjx,^+p(txn;hX7&&d,(t9tf+oR>/v*@-P^CKH",,D&1Lf6#w4!p~!pH?a-h40N.vLzi2Y?I]-/LRW&jd#_,1,"Новости спорта, Спортивная аналитика, Видео",0,0,0,0,[],,,CITI 10 E402 4G CS1235PL,Generic_Android_Tablet,CITI 10 E402 4G CS1235PL,Android,10,Chrome Mobile WebView,129.0.6668,1.0,1.0,False,,tablet,468902.0,2024-10-04,3,True,True
2024-10-04 03:10:32,5.166.32.155,1,1,page_view,0,https://57580f5dcfabe04b.ru/4b6c2c6880e7dcfa,https://57580f5dcfabe04b.ru/c3fac964264639cc,,4$T`={74?B qkF-#7;o!^:^J]f=[~sFr$yREft,"k5#` L!#{c|q`/>,1d{gax0i<uJ-W@B,r`4(Ukvr",,t&q7OsZy$w8:d9(#!!Pk?Tw3b*#Cvmv9]d3=fHQTwD,1,«Получилось ДТП из четырех автомобилей». Талантливая российская фигуристка не добралась до соревнований,2115409,0,1,0,[],,,XiaoMi Mi 10 Pro,XiaoMi,Mi 10 Pro,Android,10,Chrome Mobile WebView,92.0.4515,1.0,1.0,False,,tablet,1486209.0,2024-10-04,3,True,True
2024-10-04 03:10:44,5.166.32.155,1,1,page_view,0,https://57580f5dcfabe04b.ru/4b6c2c6880e7dcfa,https://57580f5dcfabe04b.ru/c3fac964264639cc,,GFPAlTjSn |iz-Q<uZpwx]uQo7&97R;(#Rei$1,%H^L5u`0C&ePh7#hi{nBrqmYwU0(.X'M[4u6nB5+,,"g:OvHJQ<XO'LarhYR<2[kRX(D8.*T!*8.K]Jd,[.xA",1,«Получилось ДТП из четырех автомобилей». Талантливая российская фигуристка не добралась до соревнований,2115409,0,1,0,[],,,XiaoMi Mi 10 Pro,XiaoMi,Mi 10 Pro,Android,10,Chrome Mobile WebView,92.0.4515,1.0,1.0,False,,tablet,1486209.0,2024-10-04,3,True,True
2024-10-04 03:10:44,91.66.135.199,2,8,page_view,0,https://57580f5dcfabe04b.ru/5c898b0baeeef89f,https://57580f5dcfabe04b.ru/c3fac964264639cc,,"eFNrBiZ4~""y'Fzv4cS=w>k=wcZAkZ10@%$%n]n",$$!Z<1Jd9YVB=74j:?0A1\C~z*;i0yY%Z5yed`:x,,J6JV~G![6STs&*8PD8c#y^Mi2*0M=&})=901.f!}Xj,1,«Это русская подлость!» Мужской поступок Кучерова привёл в ярость американцев,2116047,0,1,0,[],,,iPad,Apple,iPad,iOS,17.6,Chrome Mobile iOS,129.0.6668,1.0,1.0,False,,tablet,2832013.0,2024-10-04,3,True,True
2024-10-04 03:10:51,5.166.32.155,1,1,page_view,0,https://57580f5dcfabe04b.ru/4b6c2c6880e7dcfa,https://57580f5dcfabe04b.ru/c3fac964264639cc,,GFPAlTjSn |iz-Q<uZpwx]uQo7&97R;(#Rei$1,"(&~D{l,9un-VF1`G`gT)Jcv(u+>hO;ST7{>>R4@x",,"A0UCG,?V9(L_+UYI_WBl06oRfa>1D.ww'a*u\}H^?i",1,«Получилось ДТП из четырех автомобилей». Талантливая российская фигуристка не добралась до соревнований,2115409,0,1,0,[],,,XiaoMi Mi 10 Pro,XiaoMi,Mi 10 Pro,Android,10,Chrome Mobile WebView,92.0.4515,1.0,1.0,False,,tablet,1486209.0,2024-10-04,3,True,True
2024-10-04 03:11:01,5.166.32.155,1,1,page_view,0,https://57580f5dcfabe04b.ru/4b6c2c6880e7dcfa,https://57580f5dcfabe04b.ru/c3fac964264639cc,,GFPAlTjSn |iz-Q<uZpwx]uQo7&97R;(#Rei$1,#*Og\m*w;eB-Er::n]dVrijU=GGdCyuc+EONN)Qu,,"ii]L*1:Dm|ha,>HtZD+;\nV$o!v%zFcYSnS+ZzXo3)",1,«Получилось ДТП из четырех автомобилей». Талантливая российская фигуристка не добралась до соревнований,2115409,0,1,0,[],,,XiaoMi Mi 10 Pro,XiaoMi,Mi 10 Pro,Android,10,Chrome Mobile WebView,92.0.4515,1.0,1.0,False,,tablet,1486209.0,2024-10-04,3,True,True
2024-10-04 03:11:11,5.166.32.155,1,1,page_view,0,https://57580f5dcfabe04b.ru/4b6c2c6880e7dcfa,https://57580f5dcfabe04b.ru/c3fac964264639cc,,GFPAlTjSn |iz-Q<uZpwx]uQo7&97R;(#Rei$1,"B'~IKTOWk+j-P&I>Y""U'c""bPvI=%W$Y$IXm-=Hd:",,q&kbP6 \@){'2m>6Vd`n]HWSm;~>C/h]hb#p>8MHbz,1,«Получилось ДТП из четырех автомобилей». Талантливая российская фигуристка не добралась до соревнований,2115409,0,1,0,[],,,XiaoMi Mi 10 Pro,XiaoMi,Mi 10 Pro,Android,10,Chrome Mobile WebView,92.0.4515,1.0,1.0,False,,tablet,1486209.0,2024-10-04,3,True,True
2024-10-04 03:11:11,193.169.96.39,1,1,page_view,0,https://57580f5dcfabe04b.ru/bceca08b713eaead,https://57580f5dcfabe04b.ru/c3fac964264639cc,,"J{7A@g+*a!}C`$raYzL!hi0y2G1K#NK<3~~""Ot",8i?Km&*'W.Zp/>BW6vkkV+WE5{g$:21~cw+2M[fs,"W20=q,8zISK<%M{(8N{k3PE@y*.KdlToP8]""7N2","8w N>pF2H,R%1)paauxHO/Vds&9`]IGxI-| >^kq-[",1,"Футбол России и мира - новости на сегодня, бесплатные онлайн-трансляции, расписание, результаты последних матчей",0,0,0,0,[],,,9010X,Generic_Android_Tablet,9010X,Android,5.1,Chrome Mobile WebView,95.0.4638,1.0,1.0,False,,tablet,,2024-10-04,3,True,True
2024-10-04 03:11:58,193.169.96.39,1,1,page_view,0,https://57580f5dcfabe04b.ru/43bdad38a9980820,https://57580f5dcfabe04b.ru/c3fac964264639cc,,"J{7A@g+*a!}C`$raYzL!hi0y2G1K#NK<3~~""Ot",8i?Km&*'W.Zp/>BW6vkkV+WE5{g$:21~cw+2M[fs,"W20=q,8zISK<%M{(8N{k3PE@y*.KdlToP8]""7N2","WKdyE[aL;STwx""rdY/D|TSg,BsJf@|y(jtI%SG/$SH",1,"Телепрограмма спорта на сегодня - на каких ТВ-каналах смотреть трансляции по футболу, хоккею, теннису, биатлону",0,0,0,0,[],,,9010X,Generic_Android_Tablet,9010X,Android,5.1,Chrome Mobile WebView,95.0.4638,1.0,1.0,False,,tablet,,2024-10-04,3,True,True
2024-10-04 03:12:07,193.169.96.39,2,3,page_view,0,https://57580f5dcfabe04b.ru/43bdad38a9980820,https://57580f5dcfabe04b.ru/c3fac964264639cc,,"J{7A@g+*a!}C`$raYzL!hi0y2G1K#NK<3~~""Ot",8i?Km&*'W.Zp/>BW6vkkV+WE5{g$:21~cw+2M[fs,"W20=q,8zISK<%M{(8N{k3PE@y*.KdlToP8]""7N2","WKdyE[aL;STwx""rdY/D|TSg,BsJf@|y(jtI%SG/$SH",1,"Телепрограмма спорта на сегодня - на каких ТВ-каналах смотреть трансляции по футболу, хоккею, теннису, биатлону",0,0,0,0,[],,,9010X,Generic_Android_Tablet,9010X,Android,5.1,Chrome Mobile WebView,95.0.4638,1.0,1.0,False,,tablet,,2024-10-04,3,True,True
2024-10-04 03:13:26,46.191.225.1,1,1,page_view,0,https://57580f5dcfabe04b.ru/3062a87132a435d0,https://77baded0644d42fa.ru/c3fac964264639cc,,"WDb/R4'M98CU| w0yhaub""Yy17 [ f84~E pU/",$IrG1itc mOt{B\[l% `B%=vI DaA#<|5+^e1EmA,,q@- @5<cg-!k8{vz2>0=lMUWk9I$Dt'lh3]_Orq)29,1,"Хоккей России и мира - новости на сегодня, бесплатные онлайн-трансляции, расписание, результаты последних матчей",0,0,0,0,[],,,iPad,Apple,iPad,iOS,16.6,Chrome Mobile iOS,129.0.6668,1.0,1.0,False,,tablet,551487.0,2024-10-04,3,True,True
2024-10-04 03:16:57,77.37.154.146,1,1,page_view,0,https://57580f5dcfabe04b.ru/c3fac964264639cc,https://517a606556ff4f5d.ru/c3fac964264639cc,,yM>;!!c=}mA1$7*8Mztn8E`bu?8>pc][<H#pmf,m%AZ|D>\6jPoN#MGT9@'[w&4D3@Y!G(\{BYDomHT,,^A^9C1cF1b5p&/y[\?{O@L^oPKNm0/yy8GC#EG\\J!,1,"Новости спорта, Спортивная аналитика, Видео",0,0,0,0,[],,,iPad,Apple,iPad,iOS,15.8,Chrome Mobile iOS,125.0.6422,1.0,1.0,False,,tablet,524901.0,2024-10-04,3,True,True
2024-10-04 03:17:10,45.94.119.132,1,1,page_view,0,https://57580f5dcfabe04b.ru/c3fac964264639cc,https://57580f5dcfabe04b.ru/c3fac964264639cc,,"S'+#""kh^PiByxW{$iMPp=Z,C8`ZOX\5?\(aKru",tz]//CoC'^rc8>[;_Y0+ 3)Xz3';pKu2ivND>qZB,"RYX`#U`FYCQ{b <+cL0,}JckuW+C5'ep''W*t\0",DN_Gg@2K'2D2jN5KL0%Z*'t^xJO#K\daJ(#Q0b+u]|,1,"Новости спорта, Спортивная аналитика, Видео",0,0,0,0,[],,,iPad,Apple,iPad,iOS,12.5,Chrome Mobile iOS,92.0.4515,1.0,1.0,False,,tablet,503977.0,2024-10-04,3,True,True
2024-10-04 03:17:52,37.79.29.79,1,1,page_view,0,https://57580f5dcfabe04b.ru/43c698beccece84c,https://4be1d712cd773e61.ru/c3fac964264639cc,,"0h.1""V/h3n`nq%&*B;PeeQ (W1Ps-3@x4hRG-:","r6;k!Tv=yfO6&)4G%w\n;|o%,y-b5o,^VnS$(q(m","!rbnFxLVuxay2:ys/|wSl@-:a9B*a)PJa'M>Q,_","tK$`i(Okz^bq&3Yo_3j^b^3V,1nWdVv?%rr_E/SfMG",1,Жуткая трагедия на чемпионате мира. Талантливую спортсменку бросили умирать в кювете,2116179,0,1,0,[],,,Samsung SM-T220,Samsung,SM-T220,Android,14,Chrome Mobile WebView,128.0.6613,1.0,1.0,False,,tablet,511196.0,2024-10-04,3,True,True
2024-10-04 03:18:37,81.163.42.52,1,1,page_view,0,https://57580f5dcfabe04b.ru/c3fac964264639cc,https://57580f5dcfabe04b.ru/c3fac964264639cc,,yMyfKM..C@1!=g(gQUM{YF@LS:KAFrK:)i?%N[,"VV1S%^Jj_._MN@/En<\DqPz<E""(xb:U%jg*|qrAa",iT*B+nDO0(3]`qm3KbLg7./]D)=>96TGd5_:Alr,"L1uc>7F)8""))Ns$>7K""rv!P3xNJ*V0<UjrMd6dqSBo",1,"Новости спорта, Спортивная аналитика, Видео",0,0,0,0,[],,,Samsung SM-T355,Samsung,SM-T355,Android,7.1.1,Chrome Mobile WebView,119.0.6045,1.0,1.0,False,,tablet,532096.0,2024-10-04,3,True,True
2024-10-04 03:18:56,86.102.213.3,1,1,page_view,0,https://b4fd7a71f468fc04.ru/025de1d395eddcd8,https://b4fd7a71f468fc04.ru/c3fac964264639cc,,kPSq+I];z?f*GaCD}wTOr>eA4?ow!QzQ$_{T5|,4w~o?(|nB4Q>K29]l$vGPgHCrZ.rFh] o{\CmpY',,QsX|GkrPh%8-]]hcbDwUbv8j!rtY=~EDE*h;hw[6x:,1,"Телепрограмма спортивных ТВ каналов России | Смотреть на сегодня, завтра и на неделю",0,0,0,0,[],,,iPad,Apple,iPad,iOS,16.7,Chrome Mobile iOS,129.0.6668,1.0,1.0,False,,tablet,,2024-10-04,3,True,True
2024-10-04 03:19:17,83.243.77.74,1,1,page_view,0,https://57580f5dcfabe04b.ru/c3fac964264639cc,https://57580f5dcfabe04b.ru/c3fac964264639cc,,")O:bF^R4$t>;R""Q_zim9uz^\;`,!:#@2}ta?""O","xVYiN2NVvfWQ>Fc?,Fb!^a[.b~1VhS?|T}G}mc$3",,M)A+knjlF)4hD$Am%`f`jN!^HY2xlc8cj~gL0|f34%,1,"Новости спорта, Спортивная аналитика, Видео",0,0,0,0,[],,,iPad,Apple,iPad,iOS,18.0,Chrome Mobile iOS,129.0.6668,1.0,1.0,False,,tablet,498817.0,2024-10-04,3,True,True
2024-10-04 03:20:01,81.163.42.52,2,6,page_view,0,https://57580f5dcfabe04b.ru/7f8075cdc42cf8b8,https://57580f5dcfabe04b.ru/c3fac964264639cc,,yMyfKM..C@1!=g(gQUM{YF@LS:KAFrK:)i?%N[,"VV1S%^Jj_._MN@/En<\DqPz<E""(xb:U%jg*|qrAa",iT*B+nDO0(3]`qm3KbLg7./]D)=>96TGd5_:Alr,"L1uc>7F)8""))Ns$>7K""rv!P3xNJ*V0<UjrMd6dqSBo",1,Российского чемпиона пустили на крутой турнир. Танк отомстит за все издевательства!,2116251,0,0,0,[],,,Samsung SM-T355,Samsung,SM-T355,Android,7.1.1,Chrome Mobile WebView,119.0.6045,1.0,1.0,False,,tablet,532096.0,2024-10-04,3,True,True
2024-10-04 03:23:48,109.252.130.6,1,1,page_view,0,https://57580f5dcfabe04b.ru/c3fac964264639cc,https://57580f5dcfabe04b.ru/b5d58faec88641f9,,"G5l4`r{[O&=gQ|F.b{y!,Mr|R8J^15_t\J2@HK",MM\_MrZH*lJRC7]LUk@WE>KkXn'Ou7@zK6H)}=So,,"amf$[VV$xg xG)cPKAA(376OHsU,&UhdeWM8{D:VAE",1,"Новости спорта, Спортивная аналитика, Видео",0,0,0,0,[],,,iPad,Apple,iPad,iOS,16.1,Chrome Mobile iOS,129.0.6668,1.0,1.0,False,,tablet,524901.0,2024-10-04,3,True,True
2024-10-04 03:23:50,109.252.130.6,2,2,page_view,0,https://57580f5dcfabe04b.ru/c3fac964264639cc,https://57580f5dcfabe04b.ru/b5d58faec88641f9,,"G5l4`r{[O&=gQ|F.b{y!,Mr|R8J^15_t\J2@HK","+Pb>A>?r&N/co0&[;%a86?""z3o(?+Y+Nkg+9dk$F",,"amf$[VV$xg xG)cPKAA(376OHsU,&UhdeWM8{D:VAE",1,"Новости спорта, Спортивная аналитика, Видео",0,0,0,0,[],,,iPad,Apple,iPad,iOS,16.1,Chrome Mobile iOS,129.0.6668,1.0,1.0,False,,tablet,524901.0,2024-10-04,3,True,True
2024-10-04 03:24:12,77.37.154.146,1,1,page_view,0,https://57580f5dcfabe04b.ru/c3fac964264639cc,https://517a606556ff4f5d.ru/c3fac964264639cc,,yM>;!!c=}mA1$7*8Mztn8E`bu?8>pc][<H#pmf,iE;*R[y?Qhp2@yL$c8>[f|JB-m/lRuIt`I'_O!Z^,,"7ui_8y!7)0s.>={So9w^]<cz$,.?Ge']nNmicD0M#2",1,"Новости спорта, Спортивная аналитика, Видео",0,0,0,0,[],,,iPad,Apple,iPad,iOS,15.8,Chrome Mobile iOS,125.0.6422,1.0,1.0,False,,tablet,524901.0,2024-10-04,3,True,True
2024-10-04 03:24:17,109.252.130.6,2,6,page_view,0,https://57580f5dcfabe04b.ru/5c898b0baeeef89f,https://57580f5dcfabe04b.ru/c3fac964264639cc,,"G5l4`r{[O&=gQ|F.b{y!,Mr|R8J^15_t\J2@HK","!S-Rjho*OsK.tW{|j,oM92,$;F%?Z>:DO-D7\E(+",,"amf$[VV$xg xG)cPKAA(376OHsU,&UhdeWM8{D:VAE",1,«Это русская подлость!» Мужской поступок Кучерова привёл в ярость американцев,2116047,0,1,0,[],,,iPad,Apple,iPad,iOS,16.1,Chrome Mobile iOS,129.0.6668,1.0,1.0,False,,tablet,524901.0,2024-10-04,3,True,True
2024-10-04 03:24:31,109.252.130.6,3,9,page_view,0,https://57580f5dcfabe04b.ru/1eee9bd6f1ce154f,https://57580f5dcfabe04b.ru/5c898b0baeeef89f,,"G5l4`r{[O&=gQ|F.b{y!,Mr|R8J^15_t\J2@HK","&`{Sb[^}jc(a?v*8}:hj#$""IgTAB4=<qLI6}J(Sh",,"amf$[VV$xg xG)cPKAA(376OHsU,&UhdeWM8{D:VAE",1,Дубль Дронова помог «Трактору» победить московское «Динамо» в матче КХЛ,2116234,0,0,0,[],,,iPad,Apple,iPad,iOS,16.1,Chrome Mobile iOS,129.0.6668,1.0,1.0,False,,tablet,524901.0,2024-10-04,3,True,True
2024-10-04 03:24:32,81.163.42.52,3,13,page_view,0,https://57580f5dcfabe04b.ru/c3fac964264639cc,https://57580f5dcfabe04b.ru/c3fac964264639cc,,yMyfKM..C@1!=g(gQUM{YF@LS:KAFrK:)i?%N[,"VV1S%^Jj_._MN@/En<\DqPz<E""(xb:U%jg*|qrAa",iT*B+nDO0(3]`qm3KbLg7./]D)=>96TGd5_:Alr,"L1uc>7F)8""))Ns$>7K""rv!P3xNJ*V0<UjrMd6dqSBo",1,"Новости спорта, Спортивная аналитика, Видео",0,0,0,0,[],,,Samsung SM-T355,Samsung,SM-T355,Android,7.1.1,Chrome Mobile WebView,119.0.6045,1.0,1.0,False,,tablet,532096.0,2024-10-04,3,True,True
2024-10-04 03:25:27,176.59.195.61,1,1,page_view,0,https://b4fd7a71f468fc04.ru/ed3ec76c827dca21,https://b4fd7a71f468fc04.ru/ed3ec76c827dca21,,"N,]~HJ5'~4_!@k1m4}_)';kP. cR+p+'3E2)<#","S(XBl1oM%y/|_Q~wRRX?\6[8%,Z^XBy7{B`{vYA0",FqG9tDh:n8-929iaxaSuWd_e:Bi'j_[{Uxm`9m`,sU)pe<<Ik6T3:}4u%vi3~}Kgmu9*Hpk5/OOds{xErb,1,"Дмитрий Квартальнов: «Шипачев подвел нашу команду. Не исключено, что он попадет в запас»",2116258,152,0,1204579,[206416],,,AGS-L09,Huawei,AGS-L09,Android,8.0.0,Chrome Mobile WebView,70.0.3538,1.0,1.0,False,,tablet,1508291.0,2024-10-04,3,True,True
2024-10-04 03:26:23,109.167.203.90,1,1,page_view,0,https://57580f5dcfabe04b.ru/c3fac964264639cc,https://57580f5dcfabe04b.ru/c3fac964264639cc,,=l1tld`c$|7NN1EVden=Q\/Y.s{-MR/)dw{Qcf,Yl*_ljVEm/**h)qMBW5\ya#Y'JhQUF0v>eKKk59.,,"(p$tx >(gohk8 u+""Dn}rP:+s$cKtlY92)'?""x@bV/",1,"Новости спорта, Спортивная аналитика, Видео",0,0,0,0,[],,,iPad,Apple,iPad,iOS,17.6,Chrome Mobile iOS,129.0.6668,1.0,1.0,False,,tablet,,2024-10-04,3,True,True
2024-10-04 03:26:31,109.167.203.90,2,3,page_view,0,https://57580f5dcfabe04b.ru/0991d5b82158138e,https://57580f5dcfabe04b.ru/c3fac964264639cc,,=l1tld`c$|7NN1EVden=Q\/Y.s{-MR/)dw{Qcf,Car/H)iBUJZ&S/S$7uhmGaPUtzVF>3H;&brYfqkx,,"(p$tx >(gohk8 u+""Dn}rP:+s$cKtlY92)'?""x@bV/",1,Порту - Манчестер Юнайтед (3:3) 3 октября. Лига Европы 2024-25. Основной турнир. Протокол матча,0,0,0,0,[],,,iPad,Apple,iPad,iOS,17.6,Chrome Mobile iOS,129.0.6668,1.0,1.0,False,,tablet,,2024-10-04,3,True,True
2024-10-04 03:26:35,109.167.203.90,3,5,page_view,0,https://57580f5dcfabe04b.ru/c3fac964264639cc,https://57580f5dcfabe04b.ru/c3fac964264639cc,,=l1tld`c$|7NN1EVden=Q\/Y.s{-MR/)dw{Qcf,G[y<0-02QgG~UF9w%wUb}higEfa'SkwPac7<T*q5,,"(p$tx >(gohk8 u+""Dn}rP:+s$cKtlY92)'?""x@bV/",1,"Новости спорта, Спортивная аналитика, Видео",0,0,0,0,[],,,iPad,Apple,iPad,iOS,17.6,Chrome Mobile iOS,129.0.6668,1.0,1.0,False,,tablet,,2024-10-04,3,True,True
2024-10-04 03:26:41,109.167.203.90,4,7,page_view,0,https://57580f5dcfabe04b.ru/485faaf56afe791c,https://57580f5dcfabe04b.ru/c3fac964264639cc,,=l1tld`c$|7NN1EVden=Q\/Y.s{-MR/)dw{Qcf,"d@v'@!3QxD'C1A!`""T-v.k0@XBXrtpU/6[-r:JkI",,"(p$tx >(gohk8 u+""Dn}rP:+s$cKtlY92)'?""x@bV/",1,"Турнирная таблица, Лига Европы 2024-2025 по футболу - состав групп, турнирная сетка ЛЕ, результаты матчей, статистика",0,0,0,0,[],,,iPad,Apple,iPad,iOS,17.6,Chrome Mobile iOS,129.0.6668,1.0,1.0,False,,tablet,,2024-10-04,3,True,True
2024-10-04 03:27:19,109.167.203.90,5,11,page_view,0,https://57580f5dcfabe04b.ru/7264e856e21ef272,https://57580f5dcfabe04b.ru/c3fac964264639cc,,=l1tld`c$|7NN1EVden=Q\/Y.s{-MR/)dw{Qcf,Y6]t|ZPluN#cKP6R!Ry5P6/b6eI2/GR+G'41+8uC,,"(p$tx >(gohk8 u+""Dn}rP:+s$cKtlY92)'?""x@bV/",1,"Турнирная таблица, Лига конференций 2024-2025 по футболу - турнирная сетка ЛК, результаты матчей, статистика",0,0,0,0,[],,,iPad,Apple,iPad,iOS,17.6,Chrome Mobile iOS,129.0.6668,1.0,1.0,False,,tablet,,2024-10-04,3,True,True
2024-10-04 03:30:05,178.176.74.140,1,1,page_view,0,https://b4fd7a71f468fc04.ru/c3fac964264639cc,https://77baded0644d42fa.ru/c3fac964264639cc,,"TL%{Gi*Eq$:c$""(}I$k0)nYI6j7CYcm%M\,X0)",.7[fR5lg/>a$.S{8QH$/6-!_=F'B*[S9q&&!'`k;,nvJlzabbn3LLRG ZPDF2(xs|i-Y=M=|8_Qw v2G,)Bqv\)K|m-X2!}A%P5fb`m:R>rC)+v-p<GN\X`;Tno,1,"Матч ТВ - Онлайн трансляции спортивных событий, обзор новостей, видео мероприятий и интервью спортсменов.",0,0,0,0,[],,,S24,Generic_Android_Tablet,S24,Android,8.1.0,Chrome Mobile WebView,128.0.0,1.0,1.0,False,,tablet,524901.0,2024-10-04,3,True,True
2024-10-04 03:30:10,176.100.219.170,1,1,page_view,0,https://57580f5dcfabe04b.ru/c3fac964264639cc,https://57580f5dcfabe04b.ru/c3fac964264639cc,,MlE:R/[=.):AI*Yriqiv+GJ{%3)L;F'HckP#cX,"7j}""dENM!kZzYu#do\yMy,C ,dgAXalv6b;#`v;3","IMqm^0]Y;ptO!SvQUyHy}Z&o(cCt;5,HNQsc?t/","/qQKihU>""LX&Jj^5_>cabo+(|L#@WOH[gr3]}\wPHp",1,"Новости спорта, Спортивная аналитика, Видео",0,0,0,0,[],,,Samsung SM-T510,Samsung,SM-T510,Android,11,Chrome Mobile WebView,129.0.6668,1.0,1.0,False,,tablet,,2024-10-04,3,True,True
2024-10-04 03:30:57,37.150.144.120,2,3,page_view,0,https://57580f5dcfabe04b.ru/e27bd475a2467fc5,https://57580f5dcfabe04b.ru/e5fe6f745b281ec9,,jqQfI^;/jZmQ9d{<Ki{0#=-6<{b=K0n6#4&ePP,",FK5]CzExXT]-2I2c,(cEFuz kpNPq:KGmknros@",,"q=};tfWh+7i53FJDB""Q=Dd\IYP-bdFCjo7HE&,w154",1,Результаты спорта,0,0,0,0,[],,,iPad,Apple,iPad,iOS,17.6,Chrome Mobile iOS,129.0.6668,1.0,1.0,False,,tablet,1520316.0,2024-10-04,3,True,True
2024-10-04 03:31:19,37.150.144.120,1,1,page_view,0,https://57580f5dcfabe04b.ru/b0b882ee57c1e04d,https://57580f5dcfabe04b.ru/e27bd475a2467fc5,,jqQfI^;/jZmQ9d{<Ki{0#=-6<{b=K0n6#4&ePP,"{d1']ljz*J[>'7\\[pw$ }ZGw@L6;ADQ~-.e,m^D",,"VWL~rUnD-Pwcc/HjzVqj,FOwVs0e`sbY0-iMeIX B&",1,РФШ - Галатасарай (2:2) 3 октября. Лига Европы 2024-25. Основной турнир. Протокол матча,0,0,0,0,[],,,iPad,Apple,iPad,iOS,17.6,Chrome Mobile iOS,129.0.6668,1.0,1.0,False,,tablet,1520316.0,2024-10-04,3,True,True
2024-10-04 03:31:22,178.176.74.140,2,6,page_view,0,https://b4fd7a71f468fc04.ru/4eafafaf646983be,https://b4fd7a71f468fc04.ru/c3fac964264639cc,,"TL%{Gi*Eq$:c$""(}I$k0)nYI6j7CYcm%M\,X0)",.7[fR5lg/>a$.S{8QH$/6-!_=F'B*[S9q&&!'`k;,nvJlzabbn3LLRG ZPDF2(xs|i-Y=M=|8_Qw v2G,)Bqv\)K|m-X2!}A%P5fb`m:R>rC)+v-p<GN\X`;Tno,1,Глушаков продолжит карьеру в клубе Медиалиги СКА,2116233,118,0,1199946,[],,,S24,Generic_Android_Tablet,S24,Android,8.1.0,Chrome Mobile WebView,128.0.0,1.0,1.0,False,,tablet,524901.0,2024-10-04,3,True,True
2024-10-04 03:31:27,37.150.144.120,1,1,page_view,0,https://57580f5dcfabe04b.ru/4aa6355bd2b9849a,https://57580f5dcfabe04b.ru/e27bd475a2467fc5,,jqQfI^;/jZmQ9d{<Ki{0#=-6<{b=K0n6#4&ePP,"q KqIdW\j]&N<-4+/=tO9JKPq6lx\k Q;dh\,?0O",,s#?(znYdY(N.rb7iC@X}%z)c%8Yna)B@H9iOQE@V/Y,1,Реал Сосьедад - Андерлехт (1:2) 3 октября. Лига Европы 2024-25. Основной турнир. Протокол матча,0,0,0,0,[],,,iPad,Apple,iPad,iOS,17.6,Chrome Mobile iOS,129.0.6668,1.0,1.0,False,,tablet,1520316.0,2024-10-04,3,True,True
2024-10-04 03:31:28,145.255.8.213,1,1,page_view,0,https://57580f5dcfabe04b.ru/4153bb56b12e3f44,https://f400c10920f570fe.ru/c3fac964264639cc,,4$T`={74?B qkF-#7;o!^:^J]f=[~sFr$yREft,"WiP}h8 JvmN1`XH1grx]\7QkG]n#""a,5sKschkZ9","c@3T$o,]\WQU?X4Yp\Ffv u2(ct&urx8Sw_nYmD",(s<wUtluPI[3.nWi)hHYm}ItE<37@k3*#(^;Il!FEx,1,"ХК Салават Юлаев (Уфа) - последние новости на сегодня, расписание матчей, онлайн-трансляции, состав, трансферы, свежие фото, видео",0,0,0,0,[],,,iPad,Apple,iPad,iOS,12.5,Chrome Mobile iOS,92.0.4515,1.0,1.0,False,,tablet,479561.0,2024-10-04,3,True,True
2024-10-04 03:31:31,37.150.144.120,1,1,page_view,0,https://57580f5dcfabe04b.ru/5580a717ff50b328,https://57580f5dcfabe04b.ru/e27bd475a2467fc5,,jqQfI^;/jZmQ9d{<Ki{0#=-6<{b=K0n6#4&ePP,"e.e,;XEq_3$+J:=q}X!G<)E|?v3i\tYvd9\rk{Ye",,"Eu  6C""n)[),4CU_Zbhi`j#o,j/T>:jyNH(-Du<n4q",1,Ференцварош - Тоттенхэм Хотспур (1:2) 3 октября. Лига Европы 2024-25. Основной турнир. Протокол матча,0,0,0,0,[],,,iPad,Apple,iPad,iOS,17.6,Chrome Mobile iOS,129.0.6668,1.0,1.0,False,,tablet,1520316.0,2024-10-04,3,True,True
2024-10-04 03:31:35,37.150.144.120,1,1,page_view,0,https://57580f5dcfabe04b.ru/aedc3cf11d8a5af0,https://57580f5dcfabe04b.ru/e27bd475a2467fc5,,jqQfI^;/jZmQ9d{<Ki{0#=-6<{b=K0n6#4&ePP,"P)E,QA2CMuL""Z(i'^_*d]eJDW,J6%zKUft3fSWNn",,"&{m3/k%:Jg'?,[Htkp1y&pd>Vu{Z#g_k!av?~;`*/9",1,Лацио - Ницца (4:1) 3 октября. Лига Европы 2024-25. Основной турнир. Протокол матча,0,0,0,0,[],,,iPad,Apple,iPad,iOS,17.6,Chrome Mobile iOS,129.0.6668,1.0,1.0,False,,tablet,1520316.0,2024-10-04,3,True,True
2024-10-04 03:31:48,37.150.144.120,1,1,page_view,0,https://57580f5dcfabe04b.ru/92d223495b1397af,https://57580f5dcfabe04b.ru/e27bd475a2467fc5,,jqQfI^;/jZmQ9d{<Ki{0#=-6<{b=K0n6#4&ePP,"=<3@I2c,x(@B\"";Pi9f""<L|$W%1,%:'mFGh9+q|0",,1([naOU)z<;o7Hv#}dw#iS<D#.3jJ>(:tU<b|*[D;;,1,Бешикташ - Айнтрахт (1:3) 3 октября. Лига Европы 2024-25. Основной турнир. Протокол матча,0,0,0,0,[],,,iPad,Apple,iPad,iOS,17.6,Chrome Mobile iOS,129.0.6668,1.0,1.0,False,,tablet,1520316.0,2024-10-04,3,True,True
2024-10-04 03:31:52,37.150.144.120,1,1,page_view,0,https://57580f5dcfabe04b.ru/15f60092065cf5c2,https://57580f5dcfabe04b.ru/e27bd475a2467fc5,,jqQfI^;/jZmQ9d{<Ki{0#=-6<{b=K0n6#4&ePP,"U9U8#@]G>s/L9|A]FOa5pI4%m`gcM+>q&U}R5""|R",,"#~hu+!Oa9VgP\_4KrkBy8`WT,QXY,N+>v^3A9ds6p ",1,ПАОК - Стяуа (0:1) 3 октября. Лига Европы 2024-25. Основной турнир. Протокол матча,0,0,0,0,[],,,iPad,Apple,iPad,iOS,17.6,Chrome Mobile iOS,129.0.6668,1.0,1.0,False,,tablet,1520316.0,2024-10-04,3,True,True
2024-10-04 03:31:55,37.150.144.120,1,1,page_view,0,https://57580f5dcfabe04b.ru/77eb0f7e17d7f228,https://57580f5dcfabe04b.ru/e27bd475a2467fc5,,jqQfI^;/jZmQ9d{<Ki{0#=-6<{b=K0n6#4&ePP,"l 9>Kp""b1@i+_(,c4ZrciMnBt(g1(pvg|62Gs 9=",,"!w*M~]Fhe,Wp~ITg*41YBZ2pe5OWBeB6ew0v*a&z,f",1,Рейнджерс - Лион (1:4) 3 октября. Лига Европы 2024-25. Основной турнир. Протокол матча,0,0,0,0,[],,,iPad,Apple,iPad,iOS,17.6,Chrome Mobile iOS,129.0.6668,1.0,1.0,False,,tablet,1520316.0,2024-10-04,3,True,True
2024-10-04 03:31:57,5.159.105.120,1,1,page_view,0,https://57580f5dcfabe04b.ru/271f622c1acb9eec,https://517a606556ff4f5d.ru/ff0dd24621482906,,4$T`={74?B qkF-#7;o!^:^J]f=[~sFr$yREft,>l}u/WS39#&=2H*( SfFC#IN]IqEVLEyE;7vnKua,,"*4R^},}56kq/\m^2{o^x{_beM%FnA|05Fs4e3>  8U",1,"Турнирная таблица ВХЛ 2024-2025 - результаты последних игр Высшей хоккейной лиги, статистика, регулярный сезон и плей-офф",0,0,0,0,[],,,Haier Android TV DVB2K,Haier,Android TV DVB2K,Android,11,Chrome Mobile WebView,129.0.6668,1.0,1.0,False,,tablet,1502026.0,2024-10-04,3,True,True
2024-10-04 03:32:10,37.150.144.120,1,1,page_view,0,https://57580f5dcfabe04b.ru/f5e22efa2f75d9f3,https://57580f5dcfabe04b.ru/e27bd475a2467fc5,,jqQfI^;/jZmQ9d{<Ki{0#=-6<{b=K0n6#4&ePP,6gUc4cnB;.E?u';r#51b/}rS[&@UE\E[D|Mlt\-O,,u|Bq]?-wD:_7MD/!b'0T^.+rm6AQZ-8>;FJxY7\obF,1,Астана - Бачка-Топола (1:0) 3 октября. Лига конференций 2024-25. Основной турнир. Протокол матча,0,0,0,0,[],,,iPad,Apple,iPad,iOS,17.6,Chrome Mobile iOS,129.0.6668,1.0,1.0,False,,tablet,1520316.0,2024-10-04,3,True,True
2024-10-04 03:32:34,37.150.144.120,1,1,page_view,0,https://57580f5dcfabe04b.ru/f96701c44d138e6a,https://57580f5dcfabe04b.ru/e27bd475a2467fc5,,jqQfI^;/jZmQ9d{<Ki{0#=-6<{b=K0n6#4&ePP,l60FV~\:4c4k?((<v C02VkA|y9JG%8oxqW0P-5D,,"dwU`8+jF\wz?&""um*a^C$v!Wq2YTjeLKiK=GY5~(6!",1,Фиорентина - Нью-Сейнтс (2:0) 3 октября. Лига конференций 2024-25. Основной турнир. Протокол матча,0,0,0,0,[],,,iPad,Apple,iPad,iOS,17.6,Chrome Mobile iOS,129.0.6668,1.0,1.0,False,,tablet,1520316.0,2024-10-04,3,True,True
2024-10-04 03:32:36,37.150.144.120,1,1,page_view,0,https://57580f5dcfabe04b.ru/5c0aa5455c1da194,https://57580f5dcfabe04b.ru/e27bd475a2467fc5,,jqQfI^;/jZmQ9d{<Ki{0#=-6<{b=K0n6#4&ePP,"p3_VYWMtSI5FlR13z""{dl8+fDWe3""F[1c)2ayR!X",,$;rPbo39HK}IgNw(4Gl7Cr%5JGfCyP^?V5|z<bC@'G,1,Челси - Гент (4:2) 3 октября. Лига конференций 2024-25. Основной турнир. Протокол матча,0,0,0,0,[],,,iPad,Apple,iPad,iOS,17.6,Chrome Mobile iOS,129.0.6668,1.0,1.0,False,,tablet,1520316.0,2024-10-04,3,True,True
2024-10-04 03:32:47,145.255.8.213,2,9,page_view,0,https://57580f5dcfabe04b.ru/9d01f77557216bf8,https://57580f5dcfabe04b.ru/4153bb56b12e3f44,,~#$ :'vYW*H)qPk?%[Fp\.;iWv-%QX^|{3>!;2,"WiP}h8 JvmN1`XH1grx]\7QkG]n#""a,5sKschkZ9","c@3T$o,]\WQU?X4Yp\Ffv u2(ct&urx8Sw_nYmD",(s<wUtluPI[3.nWi)hHYm}ItE<37@k3*#(^;Il!FEx,1,Салават Юлаев Уфа (Хоккей),0,0,0,0,[],,,iPad,Apple,iPad,iOS,12.5,Chrome Mobile iOS,92.0.4515,1.0,1.0,False,,tablet,479561.0,2024-10-04,3,True,True
2024-10-04 03:32:47,37.150.144.120,1,1,page_view,0,https://57580f5dcfabe04b.ru/23b7f57a36f38996,https://57580f5dcfabe04b.ru/e27bd475a2467fc5,,jqQfI^;/jZmQ9d{<Ki{0#=-6<{b=K0n6#4&ePP,#tT-}LOy(^{Z#Zz0HMK8XtP4[3OD|yOx9$/m<|cP,,"[&WD9:,4#@?**|o'kG/jS>mRZ%x(]0d;#Emz@aaA`E",1,ЦСКА - Металлург (0:7) 3 октября. Фонбет Чемпионат КХЛ. 2024-25. Протокол матча,0,0,0,0,[],,,iPad,Apple,iPad,iOS,17.6,Chrome Mobile iOS,129.0.6668,1.0,1.0,False,,tablet,1520316.0,2024-10-04,3,True,True
2024-10-04 03:32:52,37.150.144.120,1,1,page_view,0,https://57580f5dcfabe04b.ru/49e96a6f5063774d,https://57580f5dcfabe04b.ru/e27bd475a2467fc5,,jqQfI^;/jZmQ9d{<Ki{0#=-6<{b=K0n6#4&ePP,9\%[L#$Kel12;d3W?D+0(O\vexL-%{?Ifia@68OW,,"4KKy1U<&99M5C2m:_Q~  3QZQrk=}18hKYM)v=,=hG",1,Спартак - Барыс (4:2) 3 октября. Фонбет Чемпионат КХЛ. 2024-25. Протокол матча,0,0,0,0,[],,,iPad,Apple,iPad,iOS,17.6,Chrome Mobile iOS,129.0.6668,1.0,1.0,False,,tablet,1520316.0,2024-10-04,3,True,True
2024-10-04 03:33:06,37.150.144.120,2,9,page_view,0,https://57580f5dcfabe04b.ru/ff3466b014f44613,https://57580f5dcfabe04b.ru/e27bd475a2467fc5,,jqQfI^;/jZmQ9d{<Ki{0#=-6<{b=K0n6#4&ePP,":WBo_.^""S!xeKE% 2aL31$y=}{^xsTCHnm17<SKO",,"q=};tfWh+7i53FJDB""Q=Dd\IYP-bdFCjo7HE&,w154",1,Результаты спорта,0,0,0,0,[],,,iPad,Apple,iPad,iOS,17.6,Chrome Mobile iOS,129.0.6668,1.0,1.0,False,,tablet,1520316.0,2024-10-04,3,True,True
2024-10-04 03:33:20,37.150.144.120,2,4,page_view,0,https://57580f5dcfabe04b.ru/b0b882ee57c1e04d,https://57580f5dcfabe04b.ru/c3fac964264639cc,,jqQfI^;/jZmQ9d{<Ki{0#=-6<{b=K0n6#4&ePP,"6v.x\R7MtPR|L&rL2+|3""688~EvoJiI>qgV-d~cM",,"VWL~rUnD-Pwcc/HjzVqj,FOwVs0e`sbY0-iMeIX B&",1,РФШ - Галатасарай (2:2) 3 октября. Лига Европы 2024-25. Основной турнир. Протокол матча,0,0,0,0,[],,,iPad,Apple,iPad,iOS,17.6,Chrome Mobile iOS,129.0.6668,1.0,1.0,False,,tablet,1520316.0,2024-10-04,3,True,True
2024-10-04 03:33:55,37.150.144.120,2,4,page_view,0,https://57580f5dcfabe04b.ru/4aa6355bd2b9849a,https://57580f5dcfabe04b.ru/c3fac964264639cc,,jqQfI^;/jZmQ9d{<Ki{0#=-6<{b=K0n6#4&ePP,xxUv[ek|RV=u@E?m`8~0H?z.x$]+T5ec5/q9N1>n,,s#?(znYdY(N.rb7iC@X}%z)c%8Yna)B@H9iOQE@V/Y,1,Реал Сосьедад - Андерлехт (1:2) 3 октября. Лига Европы 2024-25. Основной турнир. Протокол матча,0,0,0,0,[],,,iPad,Apple,iPad,iOS,17.6,Chrome Mobile iOS,129.0.6668,1.0,1.0,False,,tablet,1520316.0,2024-10-04,3,True,True
2024-10-04 03:34:05,77.222.127.156,1,1,page_view,0,https://57580f5dcfabe04b.ru/c3fac964264639cc,https://57580f5dcfabe04b.ru/c3fac964264639cc,,"~YZQ+}v r6%,*Q7)3;rQk2}@yQ_1T_is.bQEd:",[&TZ#$ZQK&W8/xMB(.Hn7q>0&@u=K=?R)C(7XQ-;,,0J2 [Dz<RHl?gKte2.P>vwwwkT78/Fn)jp{Sv&oq!-,1,"Новости спорта, Спортивная аналитика, Видео",0,0,0,0,[],,,iPad,Apple,iPad,iOS,9.3.6,Chrome Mobile iOS,63.0.3239,1.0,1.0,False,,tablet,1508291.0,2024-10-04,3,True,True
2024-10-04 03:34:18,37.150.144.120,2,4,page_view,0,https://57580f5dcfabe04b.ru/5580a717ff50b328,https://57580f5dcfabe04b.ru/c3fac964264639cc,,jqQfI^;/jZmQ9d{<Ki{0#=-6<{b=K0n6#4&ePP,.zO%l*[ddZp:^$41g/Q-?bq:!ILN$dV!B`:;NnYD,,"Eu  6C""n)[),4CU_Zbhi`j#o,j/T>:jyNH(-Du<n4q",1,Ференцварош - Тоттенхэм Хотспур (1:2) 3 октября. Лига Европы 2024-25. Основной турнир. Протокол матча,0,0,0,0,[],,,iPad,Apple,iPad,iOS,17.6,Chrome Mobile iOS,129.0.6668,1.0,1.0,False,,tablet,1520316.0,2024-10-04,3,True,True
2024-10-04 03:34:36,94.231.132.242,1,1,page_view,0,https://57580f5dcfabe04b.ru/c3fac964264639cc,https://57580f5dcfabe04b.ru/c3fac964264639cc,,e>}T#$v4mC!n*_5y }69Y(g&P/|oC[jw57&cS',iwj\D$:xk[~ '/f)[v$W6Q7Cc!'3K^Ua@rZWO(1h,,"&2WI#=Z^Hv9@U>LdV:H+`f(?Q=n/<,#""9|9@%lAc4!",1,"Новости спорта, Спортивная аналитика, Видео",0,0,0,0,[],,,iPad,Apple,iPad,iOS,17.7,Chrome Mobile iOS,129.0.6668,1.0,1.0,False,,tablet,499099.0,2024-10-04,3,True,True
2024-10-04 03:34:36,37.150.144.120,2,4,page_view,0,https://57580f5dcfabe04b.ru/aedc3cf11d8a5af0,https://57580f5dcfabe04b.ru/c3fac964264639cc,,jqQfI^;/jZmQ9d{<Ki{0#=-6<{b=K0n6#4&ePP,"9 `[,'ON""jX[steY[<v16d!rh75VHl~:'#MUJ:jW",,"&{m3/k%:Jg'?,[Htkp1y&pd>Vu{Z#g_k!av?~;`*/9",1,Лацио - Ницца (4:1) 3 октября. Лига Европы 2024-25. Основной турнир. Протокол матча,0,0,0,0,[],,,iPad,Apple,iPad,iOS,17.6,Chrome Mobile iOS,129.0.6668,1.0,1.0,False,,tablet,1520316.0,2024-10-04,3,True,True
2024-10-04 03:34:59,37.150.144.120,2,4,page_view,0,https://57580f5dcfabe04b.ru/92d223495b1397af,https://57580f5dcfabe04b.ru/c3fac964264639cc,,jqQfI^;/jZmQ9d{<Ki{0#=-6<{b=K0n6#4&ePP,mO{y8g^Ptbf!#:=LE._EsI>!:@Z0qqi=i-GrO#T`,,1([naOU)z<;o7Hv#}dw#iS<D#.3jJ>(:tU<b|*[D;;,1,Бешикташ - Айнтрахт (1:3) 3 октября. Лига Европы 2024-25. Основной турнир. Протокол матча,0,0,0,0,[],,,iPad,Apple,iPad,iOS,17.6,Chrome Mobile iOS,129.0.6668,1.0,1.0,False,,tablet,1520316.0,2024-10-04,3,True,True
2024-10-04 03:35:35,37.150.144.120,2,4,page_view,0,https://57580f5dcfabe04b.ru/15f60092065cf5c2,https://57580f5dcfabe04b.ru/c3fac964264639cc,,jqQfI^;/jZmQ9d{<Ki{0#=-6<{b=K0n6#4&ePP,AnhC71RT5wqNLy=WA@RLp_m9ZWWI)#PG5%xcYvg3,,"#~hu+!Oa9VgP\_4KrkBy8`WT,QXY,N+>v^3A9ds6p ",1,ПАОК - Стяуа (0:1) 3 октября. Лига Европы 2024-25. Основной турнир. Протокол матча,0,0,0,0,[],,,iPad,Apple,iPad,iOS,17.6,Chrome Mobile iOS,129.0.6668,1.0,1.0,False,,tablet,1520316.0,2024-10-04,3,True,True
2024-10-04 03:35:40,37.150.144.120,2,4,page_view,0,https://57580f5dcfabe04b.ru/77eb0f7e17d7f228,https://57580f5dcfabe04b.ru/c3fac964264639cc,,jqQfI^;/jZmQ9d{<Ki{0#=-6<{b=K0n6#4&ePP,055KHX.)inE3N[?NF$:zCB>3=J86]{q@:J*8xdg#,,"!w*M~]Fhe,Wp~ITg*41YBZ2pe5OWBeB6ew0v*a&z,f",1,Рейнджерс - Лион (1:4) 3 октября. Лига Европы 2024-25. Основной турнир. Протокол матча,0,0,0,0,[],,,iPad,Apple,iPad,iOS,17.6,Chrome Mobile iOS,129.0.6668,1.0,1.0,False,,tablet,1520316.0,2024-10-04,3,True,True
2024-10-04 03:35:49,176.100.219.170,1,1,page_view,0,https://57580f5dcfabe04b.ru/809242eb533dbb63,https://57580f5dcfabe04b.ru/c3fac964264639cc,,MlE:R/[=.):AI*Yriqiv+GJ{%3)L;F'HckP#cX,"7j}""dENM!kZzYu#do\yMy,C ,dgAXalv6b;#`v;3","IMqm^0]Y;ptO!SvQUyHy}Z&o(cCt;5,HNQsc?t/",]R&AMWk/KkJv!Gwup!-1qboH)!8@vac[:^rh>9\bWU,1,Для сборной России найден топ-соперник. Организовать матч очень легко,2115205,0,0,0,[],,,Samsung SM-T510,Samsung,SM-T510,Android,11,Chrome Mobile WebView,129.0.6668,1.0,1.0,False,,tablet,,2024-10-04,3,True,True
2024-10-04 03:35:59,37.150.144.120,2,4,page_view,0,https://57580f5dcfabe04b.ru/f5e22efa2f75d9f3,https://57580f5dcfabe04b.ru/c3fac964264639cc,,jqQfI^;/jZmQ9d{<Ki{0#=-6<{b=K0n6#4&ePP,NWnzl}cc%pP@Pt`C/(\~Sit*~u>PXPrU.$6R_;v3,,u|Bq]?-wD:_7MD/!b'0T^.+rm6AQZ-8>;FJxY7\obF,1,Астана - Бачка-Топола (1:0) 3 октября. Лига конференций 2024-25. Основной турнир. Протокол матча,0,0,0,0,[],,,iPad,Apple,iPad,iOS,17.6,Chrome Mobile iOS,129.0.6668,1.0,1.0,False,,tablet,1520316.0,2024-10-04,3,True,True
2024-10-04 03:36:33,37.150.144.120,2,4,page_view,0,https://57580f5dcfabe04b.ru/f96701c44d138e6a,https://57580f5dcfabe04b.ru/c3fac964264639cc,,jqQfI^;/jZmQ9d{<Ki{0#=-6<{b=K0n6#4&ePP,"Jz$DO'N=8*(8HR)^/""l%^H(zq1{b\8q3}Ve#*&C ",,"dwU`8+jF\wz?&""um*a^C$v!Wq2YTjeLKiK=GY5~(6!",1,Фиорентина - Нью-Сейнтс (2:0) 3 октября. Лига конференций 2024-25. Основной турнир. Протокол матча,0,0,0,0,[],,,iPad,Apple,iPad,iOS,17.6,Chrome Mobile iOS,129.0.6668,1.0,1.0,False,,tablet,1520316.0,2024-10-04,3,True,True
2024-10-04 03:36:38,37.150.144.120,2,4,page_view,0,https://57580f5dcfabe04b.ru/5c0aa5455c1da194,https://57580f5dcfabe04b.ru/c3fac964264639cc,,jqQfI^;/jZmQ9d{<Ki{0#=-6<{b=K0n6#4&ePP,VP|Sbyki>M+^aHk:^L5[i}lsepMxqb:gz+XQF]>N,,$;rPbo39HK}IgNw(4Gl7Cr%5JGfCyP^?V5|z<bC@'G,1,Челси - Гент (4:2) 3 октября. Лига конференций 2024-25. Основной турнир. Протокол матча,0,0,0,0,[],,,iPad,Apple,iPad,iOS,17.6,Chrome Mobile iOS,129.0.6668,1.0,1.0,False,,tablet,1520316.0,2024-10-04,3,True,True
2024-10-04 03:36:59,37.150.144.120,2,4,page_view,0,https://57580f5dcfabe04b.ru/23b7f57a36f38996,https://57580f5dcfabe04b.ru/c3fac964264639cc,,jqQfI^;/jZmQ9d{<Ki{0#=-6<{b=K0n6#4&ePP,"en6Z$@UJCvBKC9m%xH,~$tcdHyV|,V+1:X^~>ey3",,"[&WD9:,4#@?**|o'kG/jS>mRZ%x(]0d;#Emz@aaA`E",1,ЦСКА - Металлург (0:7) 3 октября. Фонбет Чемпионат КХЛ. 2024-25. Протокол матча,0,0,0,0,[],,,iPad,Apple,iPad,iOS,17.6,Chrome Mobile iOS,129.0.6668,1.0,1.0,False,,tablet,1520316.0,2024-10-04,3,True,True
2024-10-04 03:40:34,83.220.236.143,1,1,page_view,0,https://57580f5dcfabe04b.ru/c3fac964264639cc,https://77baded0644d42fa.ru/c3fac964264639cc,,eSq^v-Z4\4)i<5#+CW1)$1#AFNsgv(bkWu!=:{,"O4DByIas#+HT,h+%^s""CumcmrgxW!<dX`kS~57oU",,DVHxPNbbd\zBXOg*e*B;\1|=60F|F\<P]MeD]EW ~;,1,"Новости спорта, Спортивная аналитика, Видео",0,0,0,0,[],,,Samsung SM-T285,Samsung,SM-T285,Android,7.1.2,Chrome Mobile WebView,91.0.4472,1.0,1.0,False,,tablet,524901.0,2024-10-04,3,True,True
2024-10-04 03:41:00,37.18.38.110,1,1,page_view,0,https://57580f5dcfabe04b.ru/c3fac964264639cc,https://57580f5dcfabe04b.ru/c3fac964264639cc,,"zgKh;XcDt>""4\""Y){xjT;g3h9r<zba38Ak>2+A","MK|WrsauD2ujXW\3vnp5d<mw* pf*8\4:OX}bXV,","""^1tvu&!h25""0GfwlTw56U'kBA_M2@O7,^.ekLN",?AyEi4RI)aT g$9Q|<McrTz8M671=zP*D<C'O?NJVD,1,"Новости спорта, Спортивная аналитика, Видео",0,0,0,0,[],,,AGR-L09,Huawei,AGR-L09,Android,10,Chrome Mobile WebView,92.0.4515,1.0,1.0,False,,tablet,,2024-10-04,3,True,True
2024-10-04 03:41:27,37.18.38.110,2,7,page_view,0,https://57580f5dcfabe04b.ru/1016d1ebb51997af,https://57580f5dcfabe04b.ru/c3fac964264639cc,,"zgKh;XcDt>""4\""Y){xjT;g3h9r<zba38Ak>2+A","MK|WrsauD2ujXW\3vnp5d<mw* pf*8\4:OX}bXV,","""^1tvu&!h25""0GfwlTw56U'kBA_M2@O7,^.ekLN",?AyEi4RI)aT g$9Q|<McrTz8M671=zP*D<C'O?NJVD,1,Суд удовлетворил ходатайство адвокатов Промеса по делу о контрабанде наркотиков — СМИ,2116159,0,0,0,[],,,AGR-L09,Huawei,AGR-L09,Android,10,Chrome Mobile WebView,92.0.4515,1.0,1.0,False,,tablet,,2024-10-04,3,True,True
2024-10-04 03:41:36,95.25.172.77,1,1,page_view,0,https://57580f5dcfabe04b.ru/c3fac964264639cc,http://95bb00b359c98b3b.ru/c3fac964264639cc,,"MQ3MXbB1C({ClfqJifVY""0=0b>0`QID5'zV[-}","uOae#-?^zKjL5y,}s&L2Vbp)\Y7secN5TiM6vI]L","1vkQ-7Y_Cf"".""ySmPdL\+yD6CR2/vnh-IM!u?Q!",_c5(n(r(.tUkB-Yb(X8M VdU^QRbw_CR&6~p{m#`aU,1,"Новости спорта, Спортивная аналитика, Видео",0,0,0,0,[],,,T803,Generic_Android_Tablet,T803,Android,11,Chrome Mobile WebView,129.0.6668,1.0,1.0,False,,tablet,524901.0,2024-10-04,3,True,True
2024-10-04 03:42:08,80.246.94.185,1,1,page_view,0,https://57580f5dcfabe04b.ru/c3fac964264639cc,https://57580f5dcfabe04b.ru/c3fac964264639cc,,"nx8Cu46r7AwMT7JvA\*7UkqPI9<tZTR""guHA*l","i}Q,!8 Xo#74Hbs+4H^&mye`Hh5^ps-/V&r5yG7l","S!w33)z{""#:qrkxvFF=|K|k3>ivf70h.CtfW]9-","cRGXw8cH1p15+D)qHC{l,psm;Dqu\WF7FKg=O?h;\@",1,"Новости спорта, Спортивная аналитика, Видео",0,0,0,0,[],,,AGS5-L09,Huawei,AGS5-L09,Android,12,Chrome Mobile WebView,92.0.4515,1.0,1.0,False,,tablet,480060.0,2024-10-04,3,True,False
2024-10-04 03:44:36,176.106.65.6,1,1,page_view,0,https://57580f5dcfabe04b.ru/c3fac964264639cc,https://57580f5dcfabe04b.ru/c3fac964264639cc,,"G>+Vd<&~aF/MxDSsH""QgCax[;lP4?iyJ[2itqi","Oc+2#ut 2aR""B>D4?Xn(a""BvG1qK=Enw(%VTE1%F",)}J-Uz^[Osi9@%gZgEt7p|ljZYIsLK-kHx1{}U{,T&gPuAG<u)1|RT|4vhbhr33Itl+}j5B^]zvrL$4yE ,1,"Новости спорта, Спортивная аналитика, Видео",0,0,0,0,[],,,iPad,Apple,iPad,iOS,12.5.7,Chrome Mobile iOS,68.0.3440,1.0,1.0,False,,tablet,479411.0,2024-10-04,3,True,True
2024-10-04 03:44:56,176.106.65.6,2,4,page_view,0,https://57580f5dcfabe04b.ru/4e5f3d1910434c05,https://57580f5dcfabe04b.ru/c3fac964264639cc,,"G>+Vd<&~aF/MxDSsH""QgCax[;lP4?iyJ[2itqi","Oc+2#ut 2aR""B>D4?Xn(a""BvG1qK=Enw(%VTE1%F",)}J-Uz^[Osi9@%gZgEt7p|ljZYIsLK-kHx1{}U{,T&gPuAG<u)1|RT|4vhbhr33Itl+}j5B^]zvrL$4yE ,1,"Результаты спорта на сегодня - футбол, хоккей, теннис, баскетбол, фигурное катание, биатлон, лыжные гонки, Формула-1",0,0,0,0,[],,,iPad,Apple,iPad,iOS,12.5.7,Chrome Mobile iOS,68.0.3440,1.0,1.0,False,,tablet,479411.0,2024-10-04,3,True,True
2024-10-04 03:45:05,91.213.244.30,1,1,page_view,0,https://b4fd7a71f468fc04.ru/025de1d395eddcd8,https://b4fd7a71f468fc04.ru/c3fac964264639cc,,"5QWOv5THh&bf;*|P=Y+,ON0h({jNrOLO[ aq/^","u]oW""uPg6F3Z&(2J*=@5-T0""rfm/:e|ft3Fz8Gs^","-2\,1hr#q7.""4Sj:Ycm<!d-5XjW1:llf6^5jQb ",6p'N(lX@qc5 #l8@O8YeV $u%li~87nS<E5;Z3Ayt.,1,"Телепрограмма спортивных ТВ каналов России | Смотреть на сегодня, завтра и на неделю",0,0,0,0,[],,,HiDPTAndroid Hi3751V810,Generic_Android_Tablet,HiDPTAndroid Hi3751V810,Android,8.0.0,Chrome Mobile WebView,62.0.3202,1.0,1.0,False,,tablet,,2024-10-04,3,True,True
2024-10-04 03:45:31,176.106.65.6,3,8,page_view,0,https://57580f5dcfabe04b.ru/e27bd475a2467fc5,https://57580f5dcfabe04b.ru/4e5f3d1910434c05,,"G>+Vd<&~aF/MxDSsH""QgCax[;lP4?iyJ[2itqi","Oc+2#ut 2aR""B>D4?Xn(a""BvG1qK=Enw(%VTE1%F",)}J-Uz^[Osi9@%gZgEt7p|ljZYIsLK-kHx1{}U{,T&gPuAG<u)1|RT|4vhbhr33Itl+}j5B^]zvrL$4yE ,1,Результаты спорта,0,0,0,0,[],,,iPad,Apple,iPad,iOS,12.5.7,Chrome Mobile iOS,68.0.3440,1.0,1.0,False,,tablet,479411.0,2024-10-04,3,True,True
2024-10-04 03:46:34,176.106.65.6,4,13,page_view,0,https://57580f5dcfabe04b.ru/0991d5b82158138e,https://57580f5dcfabe04b.ru/e27bd475a2467fc5,,"G>+Vd<&~aF/MxDSsH""QgCax[;lP4?iyJ[2itqi","Oc+2#ut 2aR""B>D4?Xn(a""BvG1qK=Enw(%VTE1%F",)}J-Uz^[Osi9@%gZgEt7p|ljZYIsLK-kHx1{}U{,T&gPuAG<u)1|RT|4vhbhr33Itl+}j5B^]zvrL$4yE ,1,Порту - Манчестер Юнайтед (3:3) 3 октября. Лига Европы 2024-25. Основной турнир. Протокол матча,0,0,0,0,[],,,iPad,Apple,iPad,iOS,12.5.7,Chrome Mobile iOS,68.0.3440,1.0,1.0,False,,tablet,479411.0,2024-10-04,3,True,True
2024-10-04 03:48:30,185.64.211.113,2,20,page_view,0,https://57580f5dcfabe04b.ru/e27bd475a2467fc5,https://57580f5dcfabe04b.ru/c3fac964264639cc,,"Zh<^L-XvmHW>/rnD,z?(0'mC""fWNvL,c;I3-EY","/l,fbOCl5Ik]X;>`xsvsB{\Wz`'5.T/&d=6;sPA;",,"W,t""(rw^yjngs[DG:Ky%7ZepeBH**k<GiVb-_o8q !",1,Результаты спорта,0,0,0,0,[],,,NT-1021T,IconBIT,NT-1021T,Android,4.4.2,Chrome Mobile WebView,30.0.0,1.0,1.0,False,,tablet,540103.0,2024-10-04,3,True,True
2024-10-04 03:49:48,136.169.149.66,1,1,page_view,0,https://57580f5dcfabe04b.ru/c3fac964264639cc,https://57580f5dcfabe04b.ru/c3fac964264639cc,,"n]~8 _F""kb1mo?q8cHWSw4)kC7Tao84)NGKSPX",zO]?LXC(yKC>Y:aStcZ\5dAw/Up;m<ZO}[?q7sf$,,3!@qr?S:Q]APHZ*#qTD-Cszi&Q?Xx'<!FAxPnv+tc0,1,"Новости спорта, Спортивная аналитика, Видео",0,0,0,0,[],,,iPad,Apple,iPad,iOS,16.7,Chrome Mobile iOS,129.0.6668,1.0,1.0,False,,tablet,479561.0,2024-10-04,3,True,True
2024-10-04 03:50:01,185.64.211.113,3,25,page_view,0,https://57580f5dcfabe04b.ru/6cc651e6fd177cb2,https://57580f5dcfabe04b.ru/e27bd475a2467fc5,,"Zh<^L-XvmHW>/rnD,z?(0'mC""fWNvL,c;I3-EY","/l,fbOCl5Ik]X;>`xsvsB{\Wz`'5.T/&d=6;sPA;",,"W,t""(rw^yjngs[DG:Ky%7ZepeBH**k<GiVb-_o8q !",1,Белые Медведицы - Торнадо (2:3) 3 октября. ЖХЛ. 2024-25. Протокол матча,0,0,0,0,[],,,NT-1021T,IconBIT,NT-1021T,Android,4.4.2,Chrome Mobile WebView,30.0.0,1.0,1.0,False,,tablet,540103.0,2024-10-04,3,True,True
2024-10-04 03:50:22,185.64.211.113,5,28,page_view,0,https://57580f5dcfabe04b.ru/c82765eacbe9a836,https://57580f5dcfabe04b.ru/e27bd475a2467fc5,,"Zh<^L-XvmHW>/rnD,z?(0'mC""fWNvL,c;I3-EY","/l,fbOCl5Ik]X;>`xsvsB{\Wz`'5.T/&d=6;sPA;",,"W,t""(rw^yjngs[DG:Ky%7ZepeBH**k<GiVb-_o8q !",1,Агидель - Динамо-Нева (5:2) 3 октября. ЖХЛ. 2024-25. Протокол матча,0,0,0,0,[],,,NT-1021T,IconBIT,NT-1021T,Android,4.4.2,Chrome Mobile WebView,30.0.0,1.0,1.0,False,,tablet,540103.0,2024-10-04,3,True,True
2024-10-04 03:50:24,178.234.134.22,1,1,page_view,0,https://57580f5dcfabe04b.ru/c3fac964264639cc,https://57580f5dcfabe04b.ru/c3fac964264639cc,,"1kI,X4iz)=0-k"" o`<6YZv$d3p%J}nsLGzcens","!-KaZdV]A<eY/Uy""33!3HstMY_Pw/fe-&VyeS6GL",ti>[vyRl.GB~(PQx%'C?|gyJ[mQzYYvXHW2[vu_,";R,$Xe[3?,=:MtY9(z0@S_NC(&f:g<(RPNZc\n|W~#",1,"Новости спорта, Спортивная аналитика, Видео",0,0,0,0,[],,,HTY-50UHD11B-S2,Generic_Android_Tablet,HTY-50UHD11B-S2,Android,9,Chrome Mobile WebView,113.0.5672,1.0,1.0,False,,tablet,535121.0,2024-10-04,3,True,True
2024-10-04 03:50:38,185.64.211.113,7,31,page_view,0,https://57580f5dcfabe04b.ru/5b0f0f9f7013083b,https://57580f5dcfabe04b.ru/e27bd475a2467fc5,,"Zh<^L-XvmHW>/rnD,z?(0'mC""fWNvL,c;I3-EY","/l,fbOCl5Ik]X;>`xsvsB{\Wz`'5.T/&d=6;sPA;",,"W,t""(rw^yjngs[DG:Ky%7ZepeBH**k<GiVb-_o8q !",1,Бирюса - Сборная команда Свердловской области (4:2) 3 октября. ЖХЛ. 2024-25. Протокол матча,0,0,0,0,[],,,NT-1021T,IconBIT,NT-1021T,Android,4.4.2,Chrome Mobile WebView,30.0.0,1.0,1.0,False,,tablet,540103.0,2024-10-04,3,True,True
2024-10-04 03:51:28,190.92.163.49,1,1,page_view,0,https://57580f5dcfabe04b.ru/3062a87132a435d0,https://57580f5dcfabe04b.ru/c3fac964264639cc,,glE5B}n^rPO#7d/Oqbar4u4?0t}}si _w@E_+I,"ZBD::BR#!C6,@]1\`M4bs&9J_jgz1K@IGbU?+@/.",YF+.Q[5gTzRw6U1}g5p#dxD\b*zkjXx>*]mOgpV,zx;_>qlm\*dM_=tju Ilm+8|qY8JK(`AF&@Iz%AKad,1,"Хоккей России и мира - новости на сегодня, бесплатные онлайн-трансляции, расписание, результаты последних матчей",0,0,0,0,[],,,Samsung SM-X205,Samsung,SM-X205,Android,14,Chrome Mobile WebView,129.0.6668,1.0,1.0,False,,tablet,,2024-10-04,3,True,True
