ts,ip,page_view_order_number,event_order_number,event,secs,url,referer,randPAS_user_passport_id,randPAS_user_agent_id,randPAS_trex_cid,randPAS_uma_media_cid,randPAS_session_id,is_new_page,title,node_id,main_rubric_id,content_is_longread,content_editor_id,content_author_ids,is_registration,is_fast_login,ua_device_family,ua_device_brand,ua_device_model,ua_os_family,ua_os_version,ua_browser_family,ua_browser_version,ua_is_mobile,ua_is_tablet,ua_is_pc,ua_is_bot,ua_device_type,geo_city_id,date,hour
2024-10-04 02:47:50,176.59.106.247,4,22,page_ping,24,,https://57580f5dcfabe04b.ru/c3fac964264639cc,,"<""CPN*%-YM`*u]RmB#aScCH3tJ(F+mdb2IeP6N",uBiYQ0pU';spF%Ss{H2Tm&zqk|0t9kA8ib+H+xHi,q<Ju>C@9eqhfu\;;w{0.~gHe\$pWG=Kc?X*TS$=,"DGT&&OsjV:gR]Q8q51Bg""sCt2y%vr@>/2W@\8RIUw?",0,,0,0,0,0,[],,,,,,,,,,,,,,,,2024-10-04,2
2024-10-04 02:47:50,77.222.127.116,1,4,page_ping,12,,https://57580f5dcfabe04b.ru/c3fac964264639cc,,^X/++g)^>yw={-6bavx-{e]OA37}/a<_^8A30p,"qK'i5FF3dVSe1XzkzxuJ,hy(EtH]R|3k_]:E7/)""","O*pqW.Te+QQFsei^YIG""Np::ZWU6KJ7[md`AT$9","+E:}]{AM9""0MhS\2y}u#zD1TA5W`pn'v]Z*o"".zS$m",0,,0,0,0,0,[],,,,,,,,,,,,,,,,2024-10-04,2
2024-10-04 02:47:50,138.59.206.78,1,3,page_ping,7,,https://57580f5dcfabe04b.ru/c3fac964264639cc,,4$T`={74?B qkF-#7;o!^:^J]f=[~sFr$yREft,",o87ADu0pC(>obJI0&|grD4V""DuACziSE`6XCPH8",kc_r//~i9Jd]={cPQN%; SyPuxK8;V]`IR!3(ft,&QtAfGP0BaUyc\wSnEmg. 'Tb3*]SIEPoju/RPnAP6,0,,0,0,0,0,[],,,,,,,,,,,,,,,,2024-10-04,2
2024-10-04 02:47:50,46.191.138.105,1,3,page_ping,7,,https://57580f5dcfabe04b.ru/c3fac964264639cc,,"VkO2^0]""f]I=)$9-}W5RSP3{hHc{|UVkl3:9Nk",lBZ2!}1l*GN`9:Tf:|@;$*Xfu6W(Ug4{gh=:9m@r,"gQIw\""2|t.aE0%Y^hTi$9uKdR~[<P7f\=j;!9_W",""":Sd5jHlKKdnb^6cyCT-i%ze-*>H'plwNkLoKVPm""a",0,,0,0,0,0,[],,,,,,,,,,,,,,,,2024-10-04,2
2024-10-04 02:47:50,94.51.56.230,2,7,page_ping,6,,https://b4fd7a71f468fc04.ru/c3fac964264639cc,,9M}'Uwpm}0sYhY3) [S6Mr1E-ywcba6EE.(kRw,'}Z?K%3nHaE}SmY_e7yl==;cy8YvD?Z<YbPLyj0-,"Xi#$'Fi;nmA9Xee\/xhjWL|xFnZsio! Lft6T""'","8#*-lO`i,`?%AgMdCwAnxc~$cSTO!R)G[\w3211Ys(",0,,0,0,0,0,[],,,,,,,,,,,,,,,,2024-10-04,2
2024-10-04 02:47:50,213.87.156.172,4,14,page_ping,6,,https://57580f5dcfabe04b.ru/c3fac964264639cc,,"H>^rUF{WSL0WF[(4Bh$%.<tw;'W,8O1'M<?XM#",,,"2Vx'tY%AJkHu<,q[#07~<X\!.9PtHx%;N[\}5b/s/?",0,,0,0,0,0,[],,,,,,,,,,,,,,,,2024-10-04,2
2024-10-04 02:47:50,77.222.103.7,3,9,page_ping,7,,https://57580f5dcfabe04b.ru/c3fac964264639cc,,"Ff9C>%8=Z[1sOXl;C\|^""rh2#5z4$CK\>ZaR]E",,,"k{q&ijkr69/8YMl^;7Q-q!-/'+d\f~,qYg?HM5od+a",0,,0,0,0,0,[],,,,,,,,,,,,,,,,2024-10-04,2
2024-10-04 02:47:50,176.59.170.168,11,29,page_ping,6,,https://57580f5dcfabe04b.ru/c3fac964264639cc,,O&J@kwP7m.X!82AZLQy-Zn+hxI ilUo[u%f|4X,,,"Gl%(H@*D}]p/,z:av(uVi([J&F4nwhd X;J6-+m*|$",0,,0,0,0,0,[],,,,,,,,,,,,,,,,2024-10-04,2
2024-10-04 02:47:50,217.71.133.149,1,3,page_ping,0,,https://57580f5dcfabe04b.ru/c3fac964264639cc,,*!4zq) a9>0Eb=Yk8*(A`waFgb=H~<;4xw>{I=,"'.|}l1QtUWV#bVpR$y}XAfb;T-&_x'fZeg'<%,kX","BXmuD})0_8?>Vv`S{BE.#>Zr'yL},8C$I|KUhbT","bXxv>EPiOe,e@4FZM(H,B4v_\]uhB=S#my/HHX`8n9",0,,0,0,0,0,[],,,,,,,,,,,,,,,,2024-10-04,2
2024-10-04 02:47:50,217.71.133.149,1,2,page_ping,1,,https://57580f5dcfabe04b.ru/c3fac964264639cc,,*!4zq) a9>0Eb=Yk8*(A`waFgb=H~<;4xw>{I=,"'.|}l1QtUWV#bVpR$y}XAfb;T-&_x'fZeg'<%,kX","BXmuD})0_8?>Vv`S{BE.#>Zr'yL},8C$I|KUhbT","bXxv>EPiOe,e@4FZM(H,B4v_\]uhB=S#my/HHX`8n9",0,,0,0,0,0,[],,,,,,,,,,,,,,,,2024-10-04,2
2024-10-04 02:47:50,217.71.133.149,1,1,page_ping,2,,https://57580f5dcfabe04b.ru/c3fac964264639cc,,*!4zq) a9>0Eb=Yk8*(A`waFgb=H~<;4xw>{I=,"'.|}l1QtUWV#bVpR$y}XAfb;T-&_x'fZeg'<%,kX","BXmuD})0_8?>Vv`S{BE.#>Zr'yL},8C$I|KUhbT","bXxv>EPiOe,e@4FZM(H,B4v_\]uhB=S#my/HHX`8n9",0,,0,0,0,0,[],,,,,,,,,,,,,,,,2024-10-04,2
2024-10-04 02:47:50,5.145.222.9,1,1,page_view,0,https://57580f5dcfabe04b.ru/23d214128ef9dcaa,https://57580f5dcfabe04b.ru/c3fac964264639cc,,"M3hL*D^X'+md""_}V '8@+Ttmd~pK;|eB(P7Y^F","Sd'g)Ayk9E#TGKA6R7qlb-(zA8PBhE7V;p@""rW%O","k7)(3<#MVg\/znbaehz=p;!g0cy;T""A!XJC]3K ","i?J3 ]a,IA,BZ|)_szMn[P%sfn&hNE$D/w<_0%:G[=",1,Химки - ЦСКА 31 августа. Мир Российская Премьер-Лига 2024-25. Протокол матча,0,0,0,0,[],,,Other,,,Windows,10,Opera,113.0.0,,,1.0,,pc,491687.0,2024-10-04,2
2024-10-04 02:47:50,109.124.223.34,1,1,page_view,0,https://57580f5dcfabe04b.ru/c3fac964264639cc,https://57580f5dcfabe04b.ru/c3fac964264639cc,,"=2`-cMuD9XvXx7WC1!!i&E4@<0|dkC(,2JwxN7",9`A^54%:_BSsN6kc>yG^Uc(I'9TjUO}tbf?cU\zn,,&*xt|Dq/UNE6n*+AB>*faV$s_NCZ?jX@Rf@Csacn4P,1,"Новости спорта, Спортивная аналитика, Видео",0,0,0,0,[],,,MOA-LX9N,Generic_Android,MOA-LX9N,Android,10,Chrome,124.0.6367,1.0,,,,mobile,499099.0,2024-10-04,2
2024-10-04 02:47:50,176.123.204.74,2,8,page_ping,48,,https://57580f5dcfabe04b.ru/c3fac964264639cc,,$`f2_V$rcRo\U7riN<V[k/Gct+yAU3t_^V?iA4,"A<yff`=mkp*&MH4GU-=X{-7JT6*k4H?A7Yq,""8Ff",6PMvns/Pq7JxhHdykOz0wW[q7q4`7m4Ebt9ML]),"#d^\$0CsqW>g!S<T[3GD""""*[k?WfwdU18~.&99aVJz",0,,0,0,0,0,[],,,,,,,,,,,,,,,,2024-10-04,2
2024-10-04 02:47:50,5.158.98.206,2,7,page_ping,12,,https://57580f5dcfabe04b.ru/c3fac964264639cc,,KOn4b]jrLa>PR(_<rf{3m)UhN~f;$wGIq6j@/6,,,ZPd7E<?PCo|ymM!#^xt*>8.JX9iMkWG4iqO:CiNF[d,0,,0,0,0,0,[],,,,,,,,,,,,,,,,2024-10-04,2
2024-10-04 02:47:50,37.78.30.219,4,11,page_ping,24,,https://57580f5dcfabe04b.ru/c3fac964264639cc,,~M4gWsM!\f)J6~q-BOT.~^w-eRPhs)oO3=Z]A7,"/=uOkO""\:B!_H['n9gG,EDX)Xp76L'NoFCkt,+:m","sVY>PJp?2s/aX_>076@2MD'+N)Tz6btU=r,ad[@",TF@p2tg7Vf7w'B{anXS0L>s*ZLc&F(io<OCf\'sCP(,0,,0,0,0,0,[],,,,,,,,,,,,,,,,2024-10-04,2
2024-10-04 02:47:50,109.110.42.154,2,5,page_ping,2,,https://57580f5dcfabe04b.ru/c3fac964264639cc,,%JOL6poKsMS\~5+63MUp/q]ii0;#}:kjfGi07M,"0~1S=vIDt?YuF,U~B8b?HUpJ}`m0<Kx+U$^\z?Rt","\[zF+dhmE5URpWWwDO&J""y$V&""B*R>H*Bot<8MB","Y-_]o3SB_@\p`A4lrYcGD+kS-7Ay>BFDyMl#,('nbY",0,,0,0,0,0,[],,,,,,,,,,,,,,,,2024-10-04,2
2024-10-04 02:47:50,176.59.40.122,4,15,page_ping,5,,https://57580f5dcfabe04b.ru/c3fac964264639cc,,"""]ORDJ(:rD&\9b$+dd@puM""Bp|ba/Y}vRY6BCW",,,10uu![Mj8qZ*w2PXTwXVvw((QXeTx@j`n>z_+4mmb:,0,,0,0,0,0,[],,,,,,,,,,,,,,,,2024-10-04,2
2024-10-04 02:47:50,178.178.89.234,3,11,page_ping,2,,https://57580f5dcfabe04b.ru/c3fac964264639cc,,"xZV_tGUg5_u%7299q""w<x{&0NUmu/$<y5CS c:",TsCH]fQ1<-R16=SFSF[c4X I<.T0a?>ve9`$OwX8,gjZp~A :sfXAGyH7]te|147C~&0tMoN?WI&1o[F,0gcQPcd)LmR>./]k@S}Yp@c`&[!E`)`>ARq4_&`-Vl,0,,0,0,0,0,[],,,,,,,,,,,,,,,,2024-10-04,2
2024-10-04 02:47:50,80.83.238.116,5,13,page_ping,13,,https://57580f5dcfabe04b.ru/c3fac964264639cc,,",2c)FTL Y~QSLzl+N{Brd6Qn3a-#bLvV^//`P~","4*B+{JSbS=N[)N!BHRNz\V!?1qPYU6"")Pn'HECiy",|nVo\b!_#?Cl'op]a!41XBZz+&!FgNJ97G:sR!&,Au!eCGU2Cf;RfQE=:.[H#u3UI-]U3P+$s$b_]T13L#,0,,0,0,0,0,[],,,,,,,,,,,,,,,,2024-10-04,2
2024-10-04 02:47:50,185.210.141.243,1,1,page_view,0,https://57580f5dcfabe04b.ru/c3fac964264639cc,https://57580f5dcfabe04b.ru/c3fac964264639cc,,Q34Qwa{)R v&jw4)<{k'q@oB(=E~Q~>&&/_apQ,"+O+J9q\!I,y`dvYRb79}t1A[hSe~@?!uAK}-]`Uo",,+:2P?m[0'|cF<{w:yQ%9^@(=uZM+\33fde)w~u$ux/,1,"Новости спорта, Спортивная аналитика, Видео",0,0,0,0,[],,,iPhone,Apple,iPhone,iOS,17.5.1,Mobile Safari,17.5,1.0,,,,mobile,1496747.0,2024-10-04,2
2024-10-04 02:47:50,213.87.160.82,9,34,page_ping,24,,https://57580f5dcfabe04b.ru/c3fac964264639cc,,#Ao+zsM.US5E}7$alMwA|!9mOjzP*k\odG=n[7,,,"-f5npJQ!8nr`/R]#.6)|e#0Skh#TuskIH~|9,KJbUg",0,,0,0,0,0,[],,,,,,,,,,,,,,,,2024-10-04,2
2024-10-04 02:47:50,176.116.165.94,3,14,page_ping,12,,https://b4fd7a71f468fc04.ru/c3fac964264639cc,,c}w7p~4|EF WRJn[&3g \sN{9-.mU%XOmIN&o!,"v9).xUGd#nf3}jz!f-;D7Ce""wbRhhT):?6Sj,egz",t%fesd>5@ G&DOx0k>z9[Y:7tSCLj%Yd\)`FNXg,"Wm:%myeU%jdj%vb""t}?&|qiOO\bpGU&1x>&j`{n~&~",0,,0,0,0,0,[],,,,,,,,,,,,,,,,2024-10-04,2
2024-10-04 02:47:50,92.37.245.146,1,1,page_view,0,https://57580f5dcfabe04b.ru/c3fac964264639cc,https://57580f5dcfabe04b.ru/c3fac964264639cc,,"wC_1uh1-[z45}~>b'<6|*4[s}0a/E"":{zO}t{G","8(P~W;d&CzQF8JG;c9:dx@)v_a{kxGx""Cn<reAfZ",,"n(L+EA@J3oQ[8vj-9,Wsw!yYO8psG|Z%2fqieuMcGD",1,"Новости спорта, Спортивная аналитика, Видео",0,0,0,0,[],,,iPhone,Apple,iPhone,iOS,17.5.1,Mobile Safari,17.5,1.0,,,,mobile,2022890.0,2024-10-04,2
2024-10-04 02:47:50,185.17.38.76,2,6,page_ping,7,,https://57580f5dcfabe04b.ru/c3fac964264639cc,,)S7qbRH&-}Ns5r.uzSx(}0:s-;4&MxjiFT9p1A,"NI)V`t~L`ed?a\:@,]""y)+ojUa%f&KHGU~%A^zDE",uOIP#(]}1N)spV(C2-SA%)m7;BDZGE]7wQtC8K-,DW$^e&`J$/JY9ld}6M['][O{|`E(R\?IATvl8tBNtG,0,,0,0,0,0,[],,,,,,,,,,,,,,,,2024-10-04,2
2024-10-04 02:47:50,5.11.71.150,1,8,page_ping,4,,https://b4fd7a71f468fc04.ru/c3fac964264639cc,,#bmt9*7i6g3C?qGq=):hC@X|MlD(S3)(rGcVT^,"LRi8R&/[b1xM\S{)=([k9v[/MT,AnF.i6pqAl&wu","t80J>vI9-UcbM)>/t*BIMRJU~8MuYS""h'7V]jc'",X;ob+p<(dp@RZ9SrxRB*Vz7|)Igdo\%S]z`=ncKAku,0,,0,0,0,0,[],,,,,,,,,,,,,,,,2024-10-04,2
2024-10-04 02:47:50,37.140.255.33,1,1,page_view,0,https://57580f5dcfabe04b.ru/c3fac964264639cc,https://57580f5dcfabe04b.ru/c3fac964264639cc,,4$T`={74?B qkF-#7;o!^:^J]f=[~sFr$yREft,"iRP,3We=}s}{01@;<6b?#F4uhT*kf0TkJW3v[UYE",")%QV]L.w))`?*RjQFB{17vN1^w""6vVwc*Ub}A4[","hxDLTV%El#h,tu25(YOZJ/-b|Yr+pJO)mS^F<g1.,S",1,"Новости спорта, Спортивная аналитика, Видео",0,0,0,0,[],,,Other,,,Windows,10,Chrome,115.0.5840,,,1.0,,pc,5128581.0,2024-10-04,2
2024-10-04 02:47:50,109.252.74.129,1,1,page_view,0,https://b4fd7a71f468fc04.ru/f33d5e53144547ea,https://517a606556ff4f5d.ru/9ae16a3b2f90404f,,"H]J#""3Lp:cF$}ghWCrpJHcPLc*>)9w2^I<>qY}","Es+Il]FNXpC)!PS""bZzC$I}Zx^f#W4{ PQp)gYzp",,"LU*7oPB0v3?$wo)c.'Q6[sy.oou7,[/""[>Yj(:Xlqr",1,Последние новости биатлона на сегодня | Телеканал Матч ТВ,0,0,0,0,[],,,iPhone,Apple,iPhone,iOS,14.8,Yandex Browser,22.7.2,1.0,,,,mobile,524901.0,2024-10-04,2
2024-10-04 02:47:50,46.138.150.165,1,2,page_ping,2,,https://57580f5dcfabe04b.ru/c3fac964264639cc,,"eH-_hxwb_eL{65qfW6C#0F*c.O5Mr),z_BO3#^","}zIRK+p>p?~S.""~l/tZ#(R)emuDPse=D#7<feS""[","NS0-fl*5mGTKR%9n&2(6#K(*""</Us8l5<2=WiUR","Wz%:.zf#iH6X,FD""}W/5s2~I&Rm#<j,\tBFjF_aa>U",0,,0,0,0,0,[],,,,,,,,,,,,,,,,2024-10-04,2
2024-10-04 02:47:50,91.202.14.64,1,1,page_view,0,https://57580f5dcfabe04b.ru/c3fac964264639cc,https://57580f5dcfabe04b.ru/c3fac964264639cc,,p}R(uFHD)~-ST(qW)vm?Cdb'.['O4Y9Gp{N@o?,"[]VJ~bo'9fmbD HYJ|eG;tK7fV$y)FS_VM)f,d81","Ygq1!7/9yNXZzh+4*q,Ob`  :<~q6q.$:/FkTz^","<A$hQ*,Z|g ""p&8S2bZRm`33MXx6]^!yWI2ww,v}P+",1,"Новости спорта, Спортивная аналитика, Видео",0,0,0,0,[],,,K,Generic_Android,K,Android,10,Chrome Mobile,127.0.0,1.0,,,,mobile,1504317.0,2024-10-04,2
2024-10-04 02:47:50,92.39.220.181,2,6,page_view,0,https://57580f5dcfabe04b.ru/37feaa665757b8b5,https://57580f5dcfabe04b.ru/0991d5b82158138e,,"+3q""O5o%Ze`g*':? 9Q1P9C=(kQ/9hDu5qGl-)","p`x4C9`~?/UyjDwZon;>Sl_*Pl+ecImgTjjLDv,g",,BjV6\r8VkbYdG+Ll6|Tb+^ Wo1)d<V\hn[mG4U1EU#,1,Пепе Косса Эдуардо Габриэль - Полузащитник - Порту - Eduardo Gabriel Aquino Cossa,0,0,0,0,[],,,iPhone,Apple,iPhone,iOS,16.0,Mobile Safari,16.0,1.0,,,,mobile,554840.0,2024-10-04,2
2024-10-04 02:47:50,83.149.28.62,4,16,page_ping,2,,https://57580f5dcfabe04b.ru/c3fac964264639cc,,bmiyC8[/Q+W^f)M\;lPx6fQn7'5tyk(9WXP6L6,,, _nQbq+D*Tg:X$:glQ>rf+Ff_\U627Y@D>a0cMcx]^,0,,0,0,0,0,[],,,,,,,,,,,,,,,,2024-10-04,2
2024-10-04 02:47:50,94.25.175.12,1,1,page_view,0,https://b4fd7a71f468fc04.ru/71cb0d2cfce2b800,https://517a606556ff4f5d.ru/c3fac964264639cc,,dTZG|MU_D8+L'@@mG5!qchX?B`oDa<vVu[z3mh,"g6@B4Rh0D'CP9&)xS%adG laZ,!31j@5~8wf^>/J",,"!5VP.Muz%i+GFM*zpi9!P_S;iqT""FEVY?upe?BJ@cd",1,"Грузия - Испания, 8 сентября 2023 19:00 – прямая трансляция матча, ЕВРО-2024, 2024, тур 5, смотреть онлайн на МАТЧ ТВ",0,0,0,0,[],,,iPhone,Apple,iPhone,iOS,17.5.1,Mobile Safari,17.5,1.0,,,,mobile,524901.0,2024-10-04,2
2024-10-04 02:47:50,89.251.10.245,1,3,page_ping,4,,https://57580f5dcfabe04b.ru/c3fac964264639cc,,"SYA*Hk84?&=`WPs]YGt,H<m,ij+\Sks)>U^4sC","0 _}""s),CQqC#$EurC7^74&5Z'a}09}q_BzLnLbE","{bY[KN,e!m[}|g*?#]oC`UpaclNIKB1UrP5mull","IUos+,#q&s2457wU9MS2l62zISR#HSAxNAGFeF/IU;",0,,0,0,0,0,[],,,,,,,,,,,,,,,,2024-10-04,2
2024-10-04 02:47:50,188.187.48.56,1,4,page_ping,12,,https://b4fd7a71f468fc04.ru/c3fac964264639cc,,",*0BW;is&k|pRg!YkL@Use5L!.?B<hI8/;hw`i",,,"i@W:=9-Zk}CQ r<^rr[D?Q61Cf>9Yq;3H@C"",QW^b""",0,,0,0,0,0,[],,,,,,,,,,,,,,,,2024-10-04,2
2024-10-04 02:47:50,81.9.113.247,2,2,page_view,0,https://57580f5dcfabe04b.ru/9411e21481f23907,https://57580f5dcfabe04b.ru/4e5f3d1910434c05,,*+Gc5+K.`=E#kzBm.d)ALVfn/c#)?m/\n9.agj,w|mnT)ubhD*;Bv1zA`J+KS&F3Fjx)k}n?_lyK0)Z,x;6wu7|% 9@k1)69hKP~Qft=!GLO`DyI;^h.N~h,""",.$/ICQ#gFS9vV}iUg`9X3b=>F]Vm,;x|/Hd9?:3Z",1,Результаты спорта,0,0,0,0,[],,,K,Generic_Android,K,Android,10,Chrome Mobile,129.0.0,1.0,,,,mobile,2022890.0,2024-10-04,2
2024-10-04 02:47:50,66.249.70.39,1,2,page_ping,2,,https://b4fd7a71f468fc04.ru/c3fac964264639cc,,R!wf^W'c$#mU$_^j2CQWIvVs(4HulY2.>jItEy,"Ne2c\7FzP=bBxit=)[zMNwP\""l]o%h6E']'Pnuh@",rPYX$BEefz u-e^ree>_VhV=)==JK*6'0:abYVN,"*uR&{-%a0QL;!C}RU-S)4uIH)zR%9AO1~oFrZS$>""q",0,,0,0,0,0,[],,,,,,,,,,,,,,,,2024-10-04,2
2024-10-04 02:47:50,85.140.79.55,2,5,page_ping,6,,https://57580f5dcfabe04b.ru/c3fac964264639cc,,@nTiI%s!y=mh6]r|Oa\8qsD0;?PXM`o7+K$*M_,"'=12_M,5Qk'j/'3D@.-~ ?Hj%f$\j^:&qEp:7g!>","/u+XW|(#&g%E59)Sh/dqK)c1Gqmy<l9},!Btr)p",@3h$EF2|V\$1r2vR&ehl&*supndvF%UK)b>!L9?^;*,0,,0,0,0,0,[],,,,,,,,,,,,,,,,2024-10-04,2
2024-10-04 02:47:50,95.26.86.57,3,9,page_ping,6,,https://57580f5dcfabe04b.ru/c3fac964264639cc,,"OyY;c^?QU){mYB=, -N(""('0I6""Q$5A3\rW@^j","2!6_?tYh{u>X`}""Np5PoILc@WMkl}P.Q<ug;dn)/","Q-m=LYA,$JuK2|d+=SMC7c""uclN$vfAU/24??X`",/VA!YhL9?VmRv|(2EqmOcSyO@E 5t`!-3G=_~(yE1g,0,,0,0,0,0,[],,,,,,,,,,,,,,,,2024-10-04,2
2024-10-04 02:47:50,213.87.162.45,1,4,page_ping,13,,https://57580f5dcfabe04b.ru/c3fac964264639cc,,"?Y7'#/\r'cWGr&?q_H/5F+-`_~^{,)u!L\O@*D",$\j4T}T.TBS9T>2;nZ$%V0y}/jG2D': F8L5-Y+ ," esW/M!HO4""9{d\`9] u1!@2@,pQ:5Z+Gdf)j K",ZKnGk)<}s?ZCw|x9[RKErVgvF-:p!qr/d26N[8_}bj,0,,0,0,0,0,[],,,,,,,,,,,,,,,,2024-10-04,2
2024-10-04 02:47:50,176.59.202.145,1,2,page_ping,2,,https://57580f5dcfabe04b.ru/c3fac964264639cc,,"x]kc5[`.r#oNo3<dE-LaO&""8_ev0i:D_-[h#mk",,,V*T3%z:Qcz~m*XHXALh`SZn_]`139(ac?al-b|9C}T,0,,0,0,0,0,[],,,,,,,,,,,,,,,,2024-10-04,2
2024-10-04 02:47:50,109.191.239.45,6,23,page_ping,7,,https://57580f5dcfabe04b.ru/c3fac964264639cc,,"~t|^kIE!c|]w{1]cL%+RY@\]6F#aS.%Bk,%""!\","S{)nb[ s[7b,.`-;(X:`""Tu,V.*R2J8^'+#07knR",|3hz;JppkAYk z+8K_vDYXuxcE ktlFw@N>Uu3d,84F aZHG$e]i;F_dhXbE8I]#I{i9(sH.!rHRV*toy6,0,,0,0,0,0,[],,,,,,,,,,,,,,,,2024-10-04,2
2024-10-04 02:47:50,46.243.178.105,2,13,page_ping,2,,https://57580f5dcfabe04b.ru/c3fac964264639cc,,$1yEa9ncV7<LH=)r&W=#`pNEBDQ(fyg(9!~jBu,"3=$dOvr,oL({n_Hcq<<w%&)S1""cD;p=y+)~8M4Nt",;UKp]N!30\4{\OEMZN+ilss@j&#GM@gknWJ^&R7,"I(EsbY1D)-g,AxWsyEincDED'^n#GUouzIp8]N)Jla",0,,0,0,0,0,[],,,,,,,,,,,,,,,,2024-10-04,2
2024-10-04 02:47:50,188.75.205.15,1,1,page_view,0,https://57580f5dcfabe04b.ru/c3fac964264639cc,https://57580f5dcfabe04b.ru/c3fac964264639cc,,4$T`={74?B qkF-#7;o!^:^J]f=[~sFr$yREft,v4JH}+\Gu28)S.kQT0);d%hP8R6jLwA^=Ij~oGm.,`EwH}t%:w9`Fo=`]BKhXV3j%RZ9}Xo;WDD5f1N+,"NLfEJ66fbu{gQ(ch""Em/lp7|zG>Y]p&zu(`>Q<8y""(",1,"Новости спорта, Спортивная аналитика, Видео",0,0,0,0,[],,,Other,,,Windows,10,Opera,113.0.0,,,1.0,,pc,2025339.0,2024-10-04,2
2024-10-04 02:47:50,95.24.5.136,7,26,page_view,0,https://57580f5dcfabe04b.ru/c3fac964264639cc,https://57580f5dcfabe04b.ru/c3fac964264639cc,,GlQ&5`t~)-)We;O^hgkp.K;[x5btXo2=f/N;v|,OJ Rv$0aY4!zcM$(kmKdES}:/CbVjuO7a_jATUc+,,I`KG981S0:tWLG>pf`d#`Leb`>j(CrYW5/6qcq-9`4,1,"Новости спорта, Спортивная аналитика, Видео",0,0,0,0,[],,,Samsung SM-S926B,Samsung,SM-S926B,Android,14,Yandex Browser,24.7.9,1.0,,,,mobile,524901.0,2024-10-04,2
2024-10-04 02:47:50,85.140.1.148,2,3,page_view,0,https://57580f5dcfabe04b.ru/4e5f3d1910434c05,https://57580f5dcfabe04b.ru/c3fac964264639cc,,Oo[UJE]3!V}-&?tS!p<zqYHJYXrVTV61$[g92F,"r6y#M6d|;,?H65 }1FH-0 ,DFrgJ#Tei`_zc0%FE",,"""pzRrsB'n'i%yM0q(""4.:-J u~,DKv""#:M\Z'I"")) ",1,"Результаты спорта на сегодня - футбол, хоккей, теннис, баскетбол, фигурное катание, биатлон, лыжные гонки, Формула-1",0,0,0,0,[],,,ZTE A7030RU,ZTE,A7030RU,Android,11,Yandex Browser,24.9.0,1.0,,,,mobile,479561.0,2024-10-04,2
2024-10-04 02:47:50,85.140.6.215,1,1,page_view,0,https://57580f5dcfabe04b.ru/c3fac964264639cc,https://57580f5dcfabe04b.ru/c3fac964264639cc,,"yFQ""=qx07:$\W`siFMb>)bHm.aHPNo:^0=fCu3",!fF.|sq>Kj|]oaGJ(!W@Nbb+H+*C_IdU~Fi^2~4l,,"X0:G8.%ebLPUWvP&""vT/a0&-NRP#\wE~B](~wN;?\%",1,"Новости спорта, Спортивная аналитика, Видео",0,0,0,0,[],,,XiaoMi Redmi 8,XiaoMi,Redmi 8,Android,10,Chrome,126.0.6478,1.0,,,,mobile,479561.0,2024-10-04,2
2024-10-04 02:47:50,178.57.200.254,1,4,page_ping,106,,https://57580f5dcfabe04b.ru/c3fac964264639cc,,"YfFN{=5ui|>pLCtMU$GI),8Q3Zi*DNiK,*I0;V",!w~GUxLl_?|c~1`N%jC+Lv!;r58p3?8dX!43f9jX,",?)RPO|\.YpNA_VUnQ(0u_|aLCqsj8oC}H|iS3p","xgL(mL*A]y,nPv""APtv`_][_=gE{~kJ6YH)b-7J'K4",0,,0,0,0,0,[],,,,,,,,,,,,,,,,2024-10-04,2
2024-10-04 02:47:50,213.87.153.73,4,11,page_ping,2,,https://57580f5dcfabe04b.ru/c3fac964264639cc,,Elz11`|L%KNOrLw~l55/$m}:-sil'PMgg/~j6^,Bg7'f?W~G$1a\OJ?{D5=0sF0\< )#GRY!uT#d7[z,"gwd):qcw@b\6`r,};.}!D&""4(3/Jm~}F?28Hy=E",":/:Y?V3J=0BQm||tOOrl'L7c[]2yf""u@M:u|IHY5k(",0,,0,0,0,0,[],,,,,,,,,,,,,,,,2024-10-04,2
2024-10-04 02:47:50,80.83.237.67,1,2,page_ping,2,,https://57580f5dcfabe04b.ru/c3fac964264639cc,,"#-[*KtY`!-q,FBb#AUz$BpYz*`22`}(~\|Q{/6",_y)-m%C&zn ?lNS-#UO6.}&obui-L*Up8$XmGybs,X3sTCdhUr?gThU.6&pErL=11V1+|z+J $D%i*^+,"ay1XI[Q2xWuv,q[_%wM.`PV,39|mnfk.LF!ui7Zd\S",0,,0,0,0,0,[],,,,,,,,,,,,,,,,2024-10-04,2
2024-10-04 02:47:51,193.233.120.15,7,19,page_view,0,https://57580f5dcfabe04b.ru/485faaf56afe791c,https://57580f5dcfabe04b.ru/77eb0f7e17d7f228,,kEO`P5r`/:Rp&2'N#!`/Wm!FP!&'==-;-xF4OL,"XqWoq-$G^2MM_|i uV{,pJ;[s%%R@N Qa>`x]9iu",MZ\p&#|ru{=KufLt^ue~Ecy;;T\yOpd:l#(]Nvk," 2:&gBC7[s40 1C[p&blh&5aFWBrM !+WAn<T0,qx^",1,"Турнирная таблица, Лига Европы 2024-2025 по футболу - состав групп, турнирная сетка ЛЕ, результаты матчей, статистика",0,0,0,0,[],,,K,Generic_Android,K,Android,10,Opera Mobile,84.0.0,1.0,,,,mobile,542420.0,2024-10-04,2
2024-10-04 02:47:51,92.252.212.91,5,21,page_ping,6,,https://57580f5dcfabe04b.ru/c3fac964264639cc,,Nzsf5S0$dnCD7wR)@l/1f}7fm]LFc*=uCva3Su,e haLEfpp<T!2KqF>XB.6Yl`}-)_`X ;bNj&`Nu3,Ve)[G/ztABL>Ahy1uq#)2z;7H[^0rd@LB}dNoq!,"qF;Bm*?s9Xj_c[^KX`S#3W'|p?)QgY}w`:=P_""M1n#",0,,0,0,0,0,[],,,,,,,,,,,,,,,,2024-10-04,2
2024-10-04 02:47:51,81.195.136.133,5,17,page_ping,12,,https://57580f5dcfabe04b.ru/c3fac964264639cc,,"pV,S=tz0*E=c.tW%E+t_kl9XcH'DyUg-nz`W%h",,,vX9Kwss9{2ND2(tGGKgUK>C-5qx4hv%.>8BG#_T.7;,0,,0,0,0,0,[],,,,,,,,,,,,,,,,2024-10-04,2
2024-10-04 02:47:51,46.183.130.123,5,15,page_view,0,https://57580f5dcfabe04b.ru/a7a926087dfd2621,https://57580f5dcfabe04b.ru/06830e2242a4f78b,,\>zWWH'bcWZm6CE>ctn?XE5Y$2Ac~u;O3Oxx:e,"B=bW;);""8,-Ws7g<L{+EVbp%=RSW<W((IJpLZ""+6","S3V4{.4D)_""ExoJ'B]C"".7d!?Cpu ;|S@UbLs-U","P')t+X`,b{c&7)QFLb$;|EW/ 9FU6J@f-Z2,_uv^5R",1,Динамо - СКА (0:3) 3 октября. Фонбет Чемпионат КХЛ. 2024-25. Протокол матча,0,0,0,0,[],,,Other,,,Windows,10,Chrome,109.0.0,,,1.0,,pc,2022890.0,2024-10-04,2
2024-10-04 02:47:51,46.251.215.245,2,3,page_view,0,https://57580f5dcfabe04b.ru/0991d5b82158138e,https://57580f5dcfabe04b.ru/c3fac964264639cc,,AT41IN%s}tpM}t{cy9L}&TwbmY)&{#df4b[#v ,<.Oq3w:#y=b`_MgpXUvJDBE4#[^P51Cl;DZ`9HPg,BjL8t9$;GDkP0MoN?Sy)ZwL/j#PIUl/7{({LMS1,"cU^h-7z8I@>x,Scv{{r8$7Oj9B[,2$oR|VkfYZcz^$",1,Порту - Манчестер Юнайтед (3:3) 3 октября. Лига Европы 2024-25. Основной турнир. Протокол матча,0,0,0,0,[],,,K,Generic_Android,K,Android,10,Chrome Mobile,118.0.0,1.0,,,,mobile,1528675.0,2024-10-04,2
2024-10-04 02:47:51,92.255.132.238,1,5,page_ping,24,,https://57580f5dcfabe04b.ru/c3fac964264639cc,,r%hpgQv1a}EGI[?z#005i(U0#E+Blcb3Oo%zF ,gs8e.WCPkI$L&[>o&@tqrV1_I qlp+v'\(WUv3Vv, a7)6TpX`h27n9%q2!T}x'qZ:1Wnd^$ivBeTAEZ,?e@B=$VH}~xiGySPIw]Hi~~&Yj$yDCTA~!QkDrF 16,0,,0,0,0,0,[],,,,,,,,,,,,,,,,2024-10-04,2
2024-10-04 02:47:51,213.230.116.71,1,1,page_view,0,https://57580f5dcfabe04b.ru/7811233afc84b156,https://57580f5dcfabe04b.ru/44a8b073414d987d,,"3f{'i`,bHXv+GQMxKBWISxxd>s.>L9UqA_> K8","Ue+bZnou5JKD9_pG1_wb]:lZ{_v,Q];IXLGfm~?[",,"Hn$}dwi|zb"",lP]y?G`R{6v`x|J<?AqSczQ=z[b-nO",1,Истанбул Башакшехир - Манчестер Юнайтед (2:1) 4 ноября 2020. Лига чемпионов. 2020-21. Основной турнир. Протокол матча,0,0,0,0,[],,,iPhone,Apple,iPhone,iOS,18.0,Mobile Safari,18.0,1.0,,,,mobile,1512569.0,2024-10-04,2
2024-10-04 02:47:51,93.177.79.7,2,12,page_ping,12,,https://b4fd7a71f468fc04.ru/2c31ae6b574466b1,,"J'lqt.PtbL><~)(I,E$6gXN)V}s9d&vD{!b66h",vai3_/EV9;+Y5c0z:U3}m&:W%B1wYpUg5yNlo 0Z,"HZ7z&_7 ]`+mD_TV`Q@uPLuhlZP4P~FG|;ZD)""p",+pg4 E$WgfDp;@MEPMkqxvP8|cdY]4]taN&;&+I+j?,0,,0,0,0,0,[],,,,,,,,,,,,,,,,2024-10-04,2
2024-10-04 02:47:51,178.67.193.34,8,41,page_ping,13,,https://57580f5dcfabe04b.ru/c3fac964264639cc,,"Y*OPc6""y('a~^C&ESG5^W3ykgnp{sZ8&Wnl@Eo",,,D^Fay$.y>lI0DeHGIaxoldM/_J}y[66r#Hhb?oyMwx,0,,0,0,0,0,[],,,,,,,,,,,,,,,,2024-10-04,2
2024-10-04 02:47:51,78.132.169.62,4,21,page_ping,7,,https://57580f5dcfabe04b.ru/c3fac964264639cc,,VKaH1?qm6Jj.=5~A|I{GTjA^]i.h^Pp7Znkgc`,,,'qiw'|mJ00d7k0U4u54-^w%m)83o{=f(#%8>E?0GhH,0,,0,0,0,0,[],,,,,,,,,,,,,,,,2024-10-04,2
2024-10-04 02:47:51,178.34.104.23,3,12,page_ping,2,,https://57580f5dcfabe04b.ru/c3fac964264639cc,,"E?0[^CTbh[""'{#+S<PF^CE$1/{p=-nWj6wMGj!",,,"d_hlv.x4\(GL}88G@|h'd+12:UW*3.Vp8U""<gWszim",0,,0,0,0,0,[],,,,,,,,,,,,,,,,2024-10-04,2
2024-10-04 02:47:51,94.41.184.147,1,3,page_ping,7,,https://57580f5dcfabe04b.ru/c3fac964264639cc,,(C`{wbS|'60;8[. {CNy{nV&V@b Ajxi1b(Q^V,"]cS&h=w,Ks]x?oLq.*\$PN}YvO'DjKR_7""0*CaIN","&@9<GKYb_3bHsrudlHcaH#k^iu,4={0TVfmS""5!","Ba&>Z2+n?s4){H%@[&{N:S{7$?la}bO""Ufisj&@T28",0,,0,0,0,0,[],,,,,,,,,,,,,,,,2024-10-04,2
2024-10-04 02:47:51,92.124.163.76,7,19,page_ping,2,,https://57580f5dcfabe04b.ru/c3fac964264639cc,,Qg0~X}fQ7.a&b=k#(>!U32W:KFf2[QYpET2:jo,"#@bRtQ5WRY.%-9B@R,^|0I/H I 01p`xN\rO~4tN",&SC/Z=[*]-\'kJvHzFvWBZA)hYLYP]fIHh/XJpg,"*mD#~]?a7IlZ%MX)2'Z,TZ&7(/=wX*|""nx?%cl#eLW",0,,0,0,0,0,[],,,,,,,,,,,,,,,,2024-10-04,2
2024-10-04 02:47:51,176.215.132.175,1,1,page_view,0,https://b4fd7a71f468fc04.ru/1404a9859d1d6d02,https://b4fd7a71f468fc04.ru/c3fac964264639cc,,>}MXLwcLwUYVqpLq]F4`RP1J=9Wp[O7en'ZBKo,"""wpU4]Rc{,S R6C_83*CD\$A.uF/ .+ST""~|'IvJ",-G|G<r~Kg69{c5bN.!~x4CoS-(CA5F`XYEXl40v,K)373c2E6G6}M&'SB]na)=s-&)by)nbaE/+SI/jd_L,1,Матч ТВ: смотреть игры в прямом эфире бесплатно | Прямые спортивные трансляции онлайн,0,0,0,0,[],,,Other,,,Windows,10,Chrome,129.0.0,,,1.0,,pc,1501321.0,2024-10-04,2
2024-10-04 02:47:51,213.151.1.234,1,1,page_view,0,https://57580f5dcfabe04b.ru/c3fac964264639cc,https://57580f5dcfabe04b.ru/c3fac964264639cc,,Rb*R l:oy~T3^bxO+ON]md0Jnxi)U(H?M-^3KU,H7p;2P8Ie(\;S#m%ok9ZYK#a%8%W2xyIH8p)M\_z,,Gn')O0B{eMsZvpk&77dgchS|?u[qvzfV}{CPmn94a:,1,"Новости спорта, Спортивная аналитика, Видео",0,0,0,0,[],,,Samsung SM-A205FN,Samsung,SM-A205FN,Android,11,Yandex Browser,24.9.0,1.0,,,,mobile,1486209.0,2024-10-04,2
2024-10-04 02:47:51,94.25.169.14,1,5,page_ping,3,,https://57580f5dcfabe04b.ru/1110a0f6097c0a01,,4$T`={74?B qkF-#7;o!^:^J]f=[~sFr$yREft,rcEYgoLd`ewudp9J@Ne(ozhXlYbA^Q;7^ nd^Qv4,".Y&.u)WR+,9xv|P|WuFOe14 nDap9J7JvH@ND:7","t-wY0uGT;?!fees$'m`T0\,(sgH<JY[XI""Xze<eNBs",0,,0,0,0,0,[],,,,,,,,,,,,,,,,2024-10-04,2
2024-10-04 02:47:51,188.122.247.142,9,28,page_ping,24,,https://57580f5dcfabe04b.ru/c3fac964264639cc,,"-(9Ce+MJ*KFz]\Q'::%\;""F)=GZDq[GRCqw<jO","FU@Q8U[#:{h[\9E2zD6ri}:X5C""md FG0eE4R.|4","IjC<>x_DC<I)R2LM4&oLibTDxF.b21J""/KQ?'ej","#3=.,CH)0<5+t@Yq`= FR){l_'/@:^`X9nk"":7kZ'9",0,,0,0,0,0,[],,,,,,,,,,,,,,,,2024-10-04,2
2024-10-04 02:47:51,176.59.16.248,1,2,page_ping,2,,https://57580f5dcfabe04b.ru/c3fac964264639cc,,Gx]~SI'n`a([=W?n!k#8V-A}dfu|  vHM<Y8Ag,"O*3(-w9hk;6l)!&%hyN2^fE'7ha0SVLB/,V}w@7Z",:)2#t2^j:^uaG3)'8]:vbhr*v+NQrZ_~!ukhYTM,"bLT~)4H4*{It+szN0,6Gh8SNr#uC`Lf@Saxss0~iUW",0,,0,0,0,0,[],,,,,,,,,,,,,,,,2024-10-04,2
2024-10-04 02:47:51,176.15.248.122,2,7,page_ping,6,,https://57580f5dcfabe04b.ru/c3fac964264639cc,,"NE""}$n.""*He;@AkM&oU~Z:fw8&@'`AU)3An@^)",vV+x*2+_2$G['=9V4NA;6.r~SZvNt/DWO|z'JP<\,"i|tb""nj@:<~r;$7m+f)D$!!9%9XZET-!qXvW2<&",}{l^P<*XX3JmBE0r?R<sq@70pA='uszuFdX'^`^9>A,0,,0,0,0,0,[],,,,,,,,,,,,,,,,2024-10-04,2
2024-10-04 02:47:51,95.190.25.2,6,18,page_ping,6,,https://57580f5dcfabe04b.ru/c3fac964264639cc,,"XtZ>(/vK\-+DL+mmg^0L@S~}C>vIayJ%Y:""m1,",,,$9sG>1|h|=2MZH\sn2xIJz/O/]<#odzyQMbvTW'<#J,0,,0,0,0,0,[],,,,,,,,,,,,,,,,2024-10-04,2
2024-10-04 02:47:51,37.114.17.196,2,6,page_ping,2,,https://57580f5dcfabe04b.ru/c3fac964264639cc,,"%t[Db\v`m&W=B}e>qS,W{ =$WEL+LU.Y%:[NRy","^A""Q5K0Bp1>kIyxvJ)}h_%q`gO  iNVC&ZdK=}=S","I#kYH>g~P7226d|2M""P,AlvLQR6c7/7""'c:a?=@",@GIDTnKWJ=hAQ*>Qk*4si`8Qmw|E-j1icBD)`0-;~K,0,,0,0,0,0,[],,,,,,,,,,,,,,,,2024-10-04,2
2024-10-04 02:47:51,37.79.12.15,1,2,page_ping,5,,https://57580f5dcfabe04b.ru/c3fac964264639cc,,"uTL6&%z.C,Y9~3F12Q+#A=,)\0_JW^SWAWr~|$","*'f4xf]c8r{daZN^lt&_<] ra)II.-X/XD8#pS,~","[x#!}#S=<a"";WU-j""&p&i.K#<|C]5M{.~om2K3*",:[>i~#Omv\Zl0HidAI{]7D2s!x]? R0'p!.xmKPKZ!,0,,0,0,0,0,[],,,,,,,,,,,,,,,,2024-10-04,2
2024-10-04 02:47:51,92.248.189.128,1,17,page_ping,250,,https://57580f5dcfabe04b.ru/c3fac964264639cc,,"nVx53#IGeUs`yW^\H?D\=o=.\""{B1R2tgyzNtX",,,"<Q+T#_CN83[nrz,0'X'C]nr(2E4x E.9Czk#Bss_!e",0,,0,0,0,0,[],,,,,,,,,,,,,,,,2024-10-04,2
2024-10-04 02:47:51,85.140.8.215,1,1,page_view,0,https://57580f5dcfabe04b.ru/c3fac964264639cc,https://57580f5dcfabe04b.ru/c3fac964264639cc,,B8!uRDimTg\JwQN.SFTHXra{EYs^#Pp_ZnNh7i,"&~C)4!#h*%[%_mICD7 =]oM),oxJzK""Mz-1LhQid","R:Y2F:thI1*(wpc%\e/1LB3%o&3I@""|eewDu1/g","~OqIFJ3L-hclL""hM@]Tm}34IeMSUx(tQeM%qI'g4yd",1,"Новости спорта, Спортивная аналитика, Видео",0,0,0,0,[],,,K,Generic_Android,K,Android,10,Chrome Mobile,129.0.0,1.0,,,,mobile,511196.0,2024-10-04,2
2024-10-04 02:47:51,188.65.246.197,3,6,page_view,0,https://57580f5dcfabe04b.ru/5c51bc7ffd28df8b,https://57580f5dcfabe04b.ru/4e5f3d1910434c05,,%1MVR7MnJO0c^+]FU*#V4V^!o}:u.*XPa @~\b,-/f_Rr=_q-QWI*oP('HS(#i}JL1_^e ;bi/M$/@l,_9* O[%dY+6piAa.9KiO_>bqp'1WYJ;<pf;2+Hq,"m[MG\KIgYj=0slr""(X5\aj>""Lw~i`4~8E+Q[c@a"" K",1,Баффало Сэйбрз - Нью-Джерси Девилз 4 октября. НХЛ. 2024-25. Протокол матча,0,0,0,0,[],,,K,Generic_Android,K,Android,10,Chrome Mobile,129.0.0,1.0,,,,mobile,498817.0,2024-10-04,2
2024-10-04 02:47:51,178.186.122.147,2,12,page_ping,173,,https://57580f5dcfabe04b.ru/c3fac964264639cc,,"}ib.i^C,q:@A4!5k'Co~ ;z$Tyus@C!y0~L486",,,=gy*'-+FkjL?6PC8rEi$1F^J>`[LxAA#R_(cp%AsWH,0,,0,0,0,0,[],,,,,,,,,,,,,,,,2024-10-04,2
2024-10-04 02:47:51,85.140.2.9,1,2,page_ping,2,,https://b4fd7a71f468fc04.ru/c3fac964264639cc,,QMcpl_{[_J^nM~@% ]r8 N+)'zwph|_=Zjag#v,,,"U4wR(N}73c?)]<%bPX=hw?Je2~sK""7yZ;$v-gJznAL",0,,0,0,0,0,[],,,,,,,,,,,,,,,,2024-10-04,2
2024-10-04 02:47:51,176.59.162.123,1,3,page_ping,5,,https://b4fd7a71f468fc04.ru/c3fac964264639cc,,$x^]!}i~Aa(M@sWz^'q+qgqqKMHmUX6RsM&24Z,,,DW;3S<d7/!Y#91gghe=\Xu|hFyL{@iY-U@LtNk1lh+,0,,0,0,0,0,[],,,,,,,,,,,,,,,,2024-10-04,2
2024-10-04 02:47:51,109.124.223.34,1,2,page_ping,2,,https://57580f5dcfabe04b.ru/c3fac964264639cc,,"=2`-cMuD9XvXx7WC1!!i&E4@<0|dkC(,2JwxN7",,,&*xt|Dq/UNE6n*+AB>*faV$s_NCZ?jX@Rf@Csacn4P,0,,0,0,0,0,[],,,,,,,,,,,,,,,,2024-10-04,2
2024-10-04 02:47:51,178.205.62.59,1,4,page_ping,12,,https://57580f5dcfabe04b.ru/c3fac964264639cc,,"}x;eH3e=*2R(%)?],]^kpMw}XxBA|h`$|TTv;0","N^t|i5teh2q0h,|vQ9{6YU!/PImnN0)2l.!,EtSy","LV:Um=lz[q}\EpGh"")a}ZY[r]G}y7wo-CHdkSSX","_IFP0I54z""SUrd j4?9pZIr/*{Pl"">qUDLRNL9uh.*",0,,0,0,0,0,[],,,,,,,,,,,,,,,,2024-10-04,2
2024-10-04 02:47:51,176.59.205.145,6,20,page_ping,12,,https://57580f5dcfabe04b.ru/c3fac964264639cc,,"""-,[Gaww`aj6@/4[IQinjEEG83Fq`O5VdhF6%x",,," oGVH*tI*=bKomUX9MVFmxT(0IoU5\,Nxci1vL'D?<",0,,0,0,0,0,[],,,,,,,,,,,,,,,,2024-10-04,2
2024-10-04 02:47:51,92.124.160.217,1,6,page_ping,48,,https://57580f5dcfabe04b.ru/c3fac964264639cc,,@8HTP[/q:msZ&0m:`IA>DoQOJ~0O)phhyAc S2,"+uJg#4K#[)NAY?*hnq@Yau Ms9OY6Y\,57q+6dhY","<[RlSm!)A>eK4~5L Eiq<HIXyN,;L;yW-S&/w\W","r5%4oXVJNFMJe|&""BCS8]""xW>z=sxc1H2\)>vTg#*R",0,,0,0,0,0,[],,,,,,,,,,,,,,,,2024-10-04,2
2024-10-04 02:47:51,46.216.175.18,1,6,page_ping,12,,https://57580f5dcfabe04b.ru/c3fac964264639cc,,IJi@/Z9CzkOe}'^.^+x)`zbZMv~$ ~s}tS]|S.,,,jP%l%0SSdj(#Bdr|4IWwO2drpVe0r.2Jl?:?0Qx7Ix,0,,0,0,0,0,[],,,,,,,,,,,,,,,,2024-10-04,2
2024-10-04 02:47:51,128.204.69.157,1,1,page_view,0,https://57580f5dcfabe04b.ru/c3fac964264639cc,https://517a606556ff4f5d.ru/c3fac964264639cc,,"(V,H'9)<|gFjs3wB)G:JiXxI$7taC~Caqnig-W","%U0u-;tRM$yo7'}:zYtY~.St]|BA)[Zdq%(pH""iM",,"<d$dZ~A?+8u,EM<m\.K7+v,#Ktfm<'o_:VM/UzofIW",1,"Новости спорта, Спортивная аналитика, Видео",0,0,0,0,[],,,iPhone,Apple,iPhone,iOS,17.6,Yandex Browser,24.7.9,1.0,,,,mobile,498817.0,2024-10-04,2
2024-10-04 02:47:51,109.248.253.108,2,11,page_ping,24,,https://57580f5dcfabe04b.ru/c3fac964264639cc,,"sS+Cre@e) /zK[_l,=L5cg~\m}.{u@Uy`zGsP^",[}V7>blyB>?.VM`W8[eAPgeyFr|Ey7b@8E$[cMR7,'8uWl+UU}te6[L=85QmY<Nvn?VfwpIHSp2~\3hU,JEu>:MWx;9j|9c#!+7PG1_lFZ[t_@?9C3CpcCe>^!r,0,,0,0,0,0,[],,,,,,,,,,,,,,,,2024-10-04,2
2024-10-04 02:47:51,91.94.23.64,1,3,page_ping,6,,https://57580f5dcfabe04b.ru/c3fac964264639cc,,6>_\oVde@XaiQ'GSm0d X$x.'.MRU)v^x+SqX=,ARixirk1a'7+w`C@1Ux0r9:t=%`WN)ZDJu[[$gA@,"] tdZT\Z8fY9Ft1uF9}r$$O3W5u37""k{qeT[rK#","@_u6eijjeU01H5.> [fznPc.64>d1$dynl$Jx_\#e,",0,,0,0,0,0,[],,,,,,,,,,,,,,,,2024-10-04,2
2024-10-04 02:47:51,178.178.209.252,2,5,page_view,0,https://57580f5dcfabe04b.ru/146934bbd3a989e7,https://57580f5dcfabe04b.ru/c3fac964264639cc,,"n rB ]}Bc)8*Q6!fg-UC-Fx-N""pmS{]Z]{D+z!",R9;5TCPf'*Gi2LD~YtNt9)GT$Ew?uT<>lc\rrp!w,"b87_x6-+e$\ULDj_rk>UxW$Zw@SZ?3,AoYyBj+W",".CkD/P4kugCFN]/x{Q:6""3lThx.AB|-[v_u6%25(bH",1,Динамо - Трактор (1:4) 3 октября. Фонбет Чемпионат КХЛ. 2024-25. Протокол матча,0,0,0,0,[],,,K,Generic_Android,K,Android,10,Chrome Mobile,126.0.0,1.0,,,,mobile,,2024-10-04,2
2024-10-04 02:47:51,176.59.199.137,13,32,page_ping,2,,https://57580f5dcfabe04b.ru/c3fac964264639cc,,")<GBE d =/(FeNmVTr6SKYq8,O47{q,G/CD?Q,",VZrw\~4IAf#0<V_{|canS}~}:899bo;Yvp%~^p?4,bezwAYn+j`03aZJ:s_|[s~8O4S[U9b-1>=2Ck~%,FK$!fu{cTWVp2UpYYwX1~WL|VkNpq$e N:DJtn%bbT,0,,0,0,0,0,[],,,,,,,,,,,,,,,,2024-10-04,2
2024-10-04 02:47:51,217.65.213.77,2,6,page_ping,24,,https://57580f5dcfabe04b.ru/c3fac964264639cc,,|4j_8-G'u?X\i9Rq;=C\rf?T>-]XN}<?2<fh9 ,[;wJf)TFKb%lIrSC.I(AiS[j`oyOH@5GvA3:~Yi*,",_+V.V(b0LWStI0Iqe|&6&SkMY@<H-=TG-@/j:!","`-ylE4#-DOQ43Jg/>chmSM>h\A$xKQ]<""(Pk|$/{YZ",0,,0,0,0,0,[],,,,,,,,,,,,,,,,2024-10-04,2
2024-10-04 02:47:51,62.133.168.121,1,2,page_ping,2,,https://57580f5dcfabe04b.ru/c3fac964264639cc,,=fIh A`dkKRc{6&#Qh]l:Wx-9|a|V&uWG%53-a,"qZ?7`2C?M\SX++fQT6rI!oE3qAXtD]=#W3+!'""i#",VZ;u7R3[BUXnTDAe.D[lte _MO^-|$?N9q]%>1t,"RIUmeKb99hr/-zz~jh,!S$'Noa' Ws(m2M}Y,&Y26+",0,,0,0,0,0,[],,,,,,,,,,,,,,,,2024-10-04,2
2024-10-04 02:47:51,213.87.196.205,1,4,page_ping,12,,https://57580f5dcfabe04b.ru/c3fac964264639cc,,.+q&\^7}*`H|<(:6u<rfSrf&[cSxI`m<>7mCi:,,,/@/S]*FCxDz{R2}Z: 3f)J;g?4;# fpn1U.MhaiDSh,0,,0,0,0,0,[],,,,,,,,,,,,,,,,2024-10-04,2
2024-10-04 02:47:51,91.129.105.32,4,10,page_view,0,https://57580f5dcfabe04b.ru/a60321e4c8b2285a,https://57580f5dcfabe04b.ru/b515406155099d47,,'*~1)}7/iBZfARm\bNfEu``rMH$C;xwf/ar(9k,"X+%JnQ@G7Btgbx""t!>.A}vW.rdXob]7]Sj""b$%!0",x$L;ni[xKQ%tnAfATZLe9B}ht=I'3R'L.x\[4be,+.?#3$\bvSG7GIW.{W_A2mb\Vts@0$$2Dx6]2m{U4X,1,"ХК Сибирь Новосибирская область - расписание игр, матчей. Турнирная таблица. Когда играет Сибирь",0,0,0,0,[],,,K,Generic_Android,K,Android,10,Chrome Mobile,129.0.0,1.0,,,,mobile,,2024-10-04,2
2024-10-04 02:47:51,213.155.222.41,1,4,page_ping,12,,https://57580f5dcfabe04b.ru/c3fac964264639cc,,"6snL=d(4W7vV` Vd3Utbd$L^,8|:v\*'%tWHL5",,,"b2GRHD?"";\F,@""q%>mU3v~}8F\$m[UzyuYO{W=S6a6",0,,0,0,0,0,[],,,,,,,,,,,,,,,,2024-10-04,2
2024-10-04 02:47:51,37.140.255.33,1,2,page_ping,2,,https://57580f5dcfabe04b.ru/c3fac964264639cc,,4$T`={74?B qkF-#7;o!^:^J]f=[~sFr$yREft,,,"hxDLTV%El#h,tu25(YOZJ/-b|Yr+pJO)mS^F<g1.,S",0,,0,0,0,0,[],,,,,,,,,,,,,,,,2024-10-04,2
2024-10-04 02:47:51,37.72.80.93,1,7,page_ping,0,,https://57580f5dcfabe04b.ru/c3fac964264639cc,,"S2bU7Mn+$6X6dDD49YPudyW72y4,W ~B.ZcGrp",,,Oi@@ rT9s9ztQ-DU4r=&3G(/Uu-6g};FJ0et=!| UB,0,,0,0,0,0,[],,,,,,,,,,,,,,,,2024-10-04,2
2024-10-04 02:47:51,178.65.161.205,1,3,page_ping,7,,https://57580f5dcfabe04b.ru/c3fac964264639cc,?kN(LO3*pe(3cT>E2:<#&5h1f8V-1m,"2@:6llB(6U;(""@-I/+n2HHnhyy@h9}5:s- >=:",,,"Codr=NA4-{@\UK""xe#IX5U>uS6do/]]pJG<%)gk3|-",0,,0,0,0,0,[],,,,,,,,,,,,,,,,2024-10-04,2
2024-10-04 02:47:51,178.178.88.11,1,1,page_view,0,https://57580f5dcfabe04b.ru/c3fac964264639cc,https://57580f5dcfabe04b.ru/c3fac964264639cc,,"'""&aZMr:sXa:Of#|Li+aO)-oHLTGg3/r;K=,lm",t[_@mt}8Ha@p$qN#*w|n{G1n8);g]o:;a43y(~F3,,">UoT[,:B[r'qMu#nR1sT_(fG)w5!?i76m;x*_mioI]",1,"Новости спорта, Спортивная аналитика, Видео",0,0,0,0,[],,,iPhone,Apple,iPhone,iOS,18.0,Mobile Safari,18.0,1.0,,,,mobile,1486209.0,2024-10-04,2
2024-10-04 02:47:51,91.186.108.18,4,20,page_ping,24,,https://57580f5dcfabe04b.ru/c3fac964264639cc,,"'Zy)c:c"")6i$Va@R:0:<BO_0yB6_[zr2}$Za$P",,,"(&PN!s]WIYSupNa=zd=n+*-ZK?;tP@Yc`g(ty{l,LN",0,,0,0,0,0,[],,,,,,,,,,,,,,,,2024-10-04,2
2024-10-04 02:47:51,188.19.42.131,2,5,page_ping,2,,https://57580f5dcfabe04b.ru/c3fac964264639cc,,+KE&c6`(I3~:+78'=Z\VyT`|cGibHH+&$ecGF;,,,mZ\MUd0+R~R<-[N(p/o9i\bJE%Is#mo*8 [o 4Z`>z,0,,0,0,0,0,[],,,,,,,,,,,,,,,,2024-10-04,2
2024-10-04 02:47:51,37.153.9.5,1,1,page_view,0,https://57580f5dcfabe04b.ru/c3fac964264639cc,https://57580f5dcfabe04b.ru/c3fac964264639cc,,"TV{5NFw,njC'A\{],%N>W(K<#72b7m[1U2Zw8d","(Wm]6*(x@_SmX#{~A_z,Z8U;BsiZ_m*KtX?%KeeU",^1F.5t3YJ| Ep7W*JsNp3>05=4>T@+L=R&^ i@l,"foVI)j.'6l0NKU&^XBt!hhJH_""`aghq&@Lsfn9& :[",1,"Новости спорта, Спортивная аналитика, Видео",0,0,0,0,[],,,Other,,,Windows,10,Chrome,129.0.0,,,1.0,,pc,498817.0,2024-10-04,2
